clf,dataset_name,dataset_type,auc,pairs_strategy,distance
RSIF,21_Lymphography,numerical,1.0,random,Manh
RSIF,21_Lymphography,numerical,1.0,random,Manh
RSIF,21_Lymphography,numerical,0.9767,random,Manh
RSIF,21_Lymphography,numerical,1.0,random,Manh
RSIF,21_Lymphography,numerical,0.7558,random,Manh
RSIF,21_Lymphography,numerical,0.6628,random,Manh
RSIF,21_Lymphography,numerical,1.0,random,Manh
RSIF,21_Lymphography,numerical,0.8837,random,Manh
RSIF,21_Lymphography,numerical,0.9651,random,Manh
RSIF,21_Lymphography,numerical,0.9767,random,Manh
RSIF,21_Lymphography,numerical,0.9535,random,Eucl
RSIF,21_Lymphography,numerical,0.9767,random,Eucl
RSIF,21_Lymphography,numerical,0.9419,random,Eucl
RSIF,21_Lymphography,numerical,1.0,random,Eucl
RSIF,21_Lymphography,numerical,0.9884,random,Eucl
RSIF,21_Lymphography,numerical,1.0,random,Eucl
RSIF,21_Lymphography,numerical,1.0,random,Eucl
RSIF,21_Lymphography,numerical,1.0,random,Eucl
RSIF,21_Lymphography,numerical,0.9419,random,Eucl
RSIF,21_Lymphography,numerical,0.9767,random,Eucl
RSIF,21_Lymphography,numerical,0.1977,random,Cosi
RSIF,21_Lymphography,numerical,0.0581,random,Cosi
RSIF,21_Lymphography,numerical,0.1744,random,Cosi
RSIF,21_Lymphography,numerical,0.1628,random,Cosi
RSIF,21_Lymphography,numerical,0.3256,random,Cosi
RSIF,21_Lymphography,numerical,0.1628,random,Cosi
RSIF,21_Lymphography,numerical,0.1744,random,Cosi
RSIF,21_Lymphography,numerical,0.093,random,Cosi
RSIF,21_Lymphography,numerical,0.1744,random,Cosi
RSIF,21_Lymphography,numerical,0.1512,random,Cosi
RSIF,21_Lymphography,numerical,1.0,random,Cheb
RSIF,21_Lymphography,numerical,0.9767,random,Cheb
RSIF,21_Lymphography,numerical,1.0,random,Cheb
RSIF,21_Lymphography,numerical,0.9884,random,Cheb
RSIF,21_Lymphography,numerical,1.0,random,Cheb
RSIF,21_Lymphography,numerical,1.0,random,Cheb
RSIF,21_Lymphography,numerical,0.9651,random,Cheb
RSIF,21_Lymphography,numerical,0.9884,random,Cheb
RSIF,21_Lymphography,numerical,0.9767,random,Cheb
RSIF,21_Lymphography,numerical,1.0,random,Cheb
RSIF,21_Lymphography,numerical,0.9884,global,Manh
RSIF,21_Lymphography,numerical,0.9767,global,Manh
RSIF,21_Lymphography,numerical,0.9884,global,Manh
RSIF,21_Lymphography,numerical,1.0,global,Manh
RSIF,21_Lymphography,numerical,1.0,global,Manh
RSIF,21_Lymphography,numerical,0.9186,global,Manh
RSIF,21_Lymphography,numerical,0.9884,global,Manh
RSIF,21_Lymphography,numerical,0.9884,global,Manh
RSIF,21_Lymphography,numerical,0.9302,global,Manh
RSIF,21_Lymphography,numerical,0.9535,global,Manh
RSIF,21_Lymphography,numerical,0.9884,global,Eucl
RSIF,21_Lymphography,numerical,1.0,global,Eucl
RSIF,21_Lymphography,numerical,1.0,global,Eucl
RSIF,21_Lymphography,numerical,0.8721,global,Eucl
RSIF,21_Lymphography,numerical,1.0,global,Eucl
RSIF,21_Lymphography,numerical,1.0,global,Eucl
RSIF,21_Lymphography,numerical,0.9884,global,Eucl
RSIF,21_Lymphography,numerical,1.0,global,Eucl
RSIF,21_Lymphography,numerical,0.9419,global,Eucl
RSIF,21_Lymphography,numerical,1.0,global,Eucl
RSIF,21_Lymphography,numerical,0.314,global,Cosi
RSIF,21_Lymphography,numerical,0.0814,global,Cosi
RSIF,21_Lymphography,numerical,0.0,global,Cosi
RSIF,21_Lymphography,numerical,0.1047,global,Cosi
RSIF,21_Lymphography,numerical,0.3023,global,Cosi
RSIF,21_Lymphography,numerical,0.1163,global,Cosi
RSIF,21_Lymphography,numerical,0.1512,global,Cosi
RSIF,21_Lymphography,numerical,0.1163,global,Cosi
RSIF,21_Lymphography,numerical,0.1744,global,Cosi
RSIF,21_Lymphography,numerical,0.0814,global,Cosi
RSIF,21_Lymphography,numerical,1.0,local,Manh
RSIF,21_Lymphography,numerical,0.7791,local,Manh
RSIF,21_Lymphography,numerical,0.9884,local,Manh
RSIF,21_Lymphography,numerical,0.9884,local,Manh
RSIF,21_Lymphography,numerical,0.9767,local,Manh
RSIF,21_Lymphography,numerical,0.7907,local,Manh
RSIF,21_Lymphography,numerical,0.9884,local,Manh
RSIF,21_Lymphography,numerical,0.9884,local,Manh
RSIF,21_Lymphography,numerical,0.9651,local,Manh
RSIF,21_Lymphography,numerical,0.9651,local,Manh
RSIF,21_Lymphography,numerical,0.9419,local,Eucl
RSIF,21_Lymphography,numerical,0.9767,local,Eucl
RSIF,21_Lymphography,numerical,1.0,local,Eucl
RSIF,21_Lymphography,numerical,0.9302,local,Eucl
RSIF,21_Lymphography,numerical,1.0,local,Eucl
RSIF,21_Lymphography,numerical,1.0,local,Eucl
RSIF,21_Lymphography,numerical,1.0,local,Eucl
RSIF,21_Lymphography,numerical,0.9884,local,Eucl
RSIF,21_Lymphography,numerical,0.9535,local,Eucl
RSIF,21_Lymphography,numerical,0.9884,local,Eucl
RSIF,21_Lymphography,numerical,0.0581,local,Cosi
RSIF,21_Lymphography,numerical,0.1395,local,Cosi
RSIF,21_Lymphography,numerical,0.2442,local,Cosi
RSIF,21_Lymphography,numerical,0.6279,local,Cosi
RSIF,21_Lymphography,numerical,0.7209,local,Cosi
RSIF,21_Lymphography,numerical,0.093,local,Cosi
RSIF,21_Lymphography,numerical,0.3488,local,Cosi
RSIF,21_Lymphography,numerical,0.2326,local,Cosi
RSIF,21_Lymphography,numerical,0.4302,local,Cosi
RSIF,21_Lymphography,numerical,0.5581,local,Cosi
RSIF,21_Lymphography,numerical,1.0,local,Cheb
RSIF,21_Lymphography,numerical,1.0,local,Cheb
RSIF,21_Lymphography,numerical,1.0,local,Cheb
RSIF,21_Lymphography,numerical,1.0,local,Cheb
RSIF,21_Lymphography,numerical,1.0,local,Cheb
RSIF,21_Lymphography,numerical,1.0,local,Cheb
RSIF,21_Lymphography,numerical,0.9884,local,Cheb
RSIF,21_Lymphography,numerical,0.9767,local,Cheb
RSIF,21_Lymphography,numerical,0.9477,local,Cheb
RSIF,21_Lymphography,numerical,1.0,local,Cheb
RSIF,21_Lymphography,numerical,0.9767,two_step,Manh
RSIF,21_Lymphography,numerical,1.0,two_step,Manh
RSIF,21_Lymphography,numerical,0.8721,two_step,Manh
RSIF,21_Lymphography,numerical,1.0,two_step,Manh
RSIF,21_Lymphography,numerical,1.0,two_step,Manh
RSIF,21_Lymphography,numerical,1.0,two_step,Manh
RSIF,21_Lymphography,numerical,1.0,two_step,Manh
RSIF,21_Lymphography,numerical,0.7558,two_step,Manh
RSIF,21_Lymphography,numerical,0.9651,two_step,Manh
RSIF,21_Lymphography,numerical,0.9767,two_step,Manh
RSIF,21_Lymphography,numerical,0.9651,two_step,Eucl
RSIF,21_Lymphography,numerical,1.0,two_step,Eucl
RSIF,21_Lymphography,numerical,0.9419,two_step,Eucl
RSIF,21_Lymphography,numerical,1.0,two_step,Eucl
RSIF,21_Lymphography,numerical,0.9186,two_step,Eucl
RSIF,21_Lymphography,numerical,0.8721,two_step,Eucl
RSIF,21_Lymphography,numerical,0.9884,two_step,Eucl
RSIF,21_Lymphography,numerical,1.0,two_step,Eucl
RSIF,21_Lymphography,numerical,0.9884,two_step,Eucl
RSIF,21_Lymphography,numerical,1.0,two_step,Eucl
RSIF,21_Lymphography,numerical,0.2209,two_step,Cosi
RSIF,21_Lymphography,numerical,0.0233,two_step,Cosi
RSIF,21_Lymphography,numerical,0.0233,two_step,Cosi
RSIF,21_Lymphography,numerical,0.2093,two_step,Cosi
RSIF,21_Lymphography,numerical,0.1512,two_step,Cosi
RSIF,21_Lymphography,numerical,0.1279,two_step,Cosi
RSIF,21_Lymphography,numerical,0.0116,two_step,Cosi
RSIF,21_Lymphography,numerical,0.2209,two_step,Cosi
RSIF,21_Lymphography,numerical,0.0465,two_step,Cosi
RSIF,21_Lymphography,numerical,0.7442,two_step,Cosi
RSIF,21_Lymphography,numerical,1.0,two_step,Cheb
RSIF,21_Lymphography,numerical,1.0,two_step,Cheb
RSIF,21_Lymphography,numerical,0.9767,two_step,Cheb
RSIF,21_Lymphography,numerical,0.9884,two_step,Cheb
RSIF,21_Lymphography,numerical,0.9884,two_step,Cheb
RSIF,21_Lymphography,numerical,1.0,two_step,Cheb
RSIF,21_Lymphography,numerical,1.0,two_step,Cheb
RSIF,21_Lymphography,numerical,1.0,two_step,Cheb
RSIF,21_Lymphography,numerical,0.9767,two_step,Cheb
RSIF,21_Lymphography,numerical,1.0,two_step,Cheb
RSIF,36_speech,numerical,0.4176,random,Manh
RSIF,36_speech,numerical,0.4918,random,Manh
RSIF,36_speech,numerical,0.3791,random,Manh
RSIF,36_speech,numerical,0.4053,random,Manh
RSIF,36_speech,numerical,0.4366,random,Manh
RSIF,36_speech,numerical,0.487,random,Manh
RSIF,36_speech,numerical,0.4079,random,Manh
RSIF,36_speech,numerical,0.3756,random,Manh
RSIF,36_speech,numerical,0.5645,random,Manh
RSIF,36_speech,numerical,0.3667,random,Manh
RSIF,36_speech,numerical,0.4548,random,Eucl
RSIF,36_speech,numerical,0.5091,random,Eucl
RSIF,36_speech,numerical,0.3054,random,Eucl
RSIF,36_speech,numerical,0.3653,random,Eucl
RSIF,36_speech,numerical,0.3985,random,Eucl
RSIF,36_speech,numerical,0.4856,random,Eucl
RSIF,36_speech,numerical,0.2866,random,Eucl
RSIF,36_speech,numerical,0.2667,random,Eucl
RSIF,36_speech,numerical,0.5233,random,Eucl
RSIF,36_speech,numerical,0.3365,random,Eucl
RSIF,36_speech,numerical,0.6021,random,Cosi
RSIF,36_speech,numerical,0.4744,random,Cosi
RSIF,36_speech,numerical,0.3893,random,Cosi
RSIF,36_speech,numerical,0.6738,random,Cosi
RSIF,36_speech,numerical,0.5825,random,Cosi
RSIF,36_speech,numerical,0.4358,random,Cosi
RSIF,36_speech,numerical,0.5844,random,Cosi
RSIF,36_speech,numerical,0.6199,random,Cosi
RSIF,36_speech,numerical,0.4763,random,Cosi
RSIF,36_speech,numerical,0.5164,random,Cosi
RSIF,36_speech,numerical,0.4402,random,Cheb
RSIF,36_speech,numerical,0.4327,random,Cheb
RSIF,36_speech,numerical,0.4268,random,Cheb
RSIF,36_speech,numerical,0.4777,random,Cheb
RSIF,36_speech,numerical,0.4857,random,Cheb
RSIF,36_speech,numerical,0.373,random,Cheb
RSIF,36_speech,numerical,0.4801,random,Cheb
RSIF,36_speech,numerical,0.4395,random,Cheb
RSIF,36_speech,numerical,0.475,random,Cheb
RSIF,36_speech,numerical,0.4674,random,Cheb
RSIF,36_speech,numerical,0.443,global,Manh
RSIF,36_speech,numerical,0.5163,global,Manh
RSIF,36_speech,numerical,0.4173,global,Manh
RSIF,36_speech,numerical,0.4083,global,Manh
RSIF,36_speech,numerical,0.3308,global,Manh
RSIF,36_speech,numerical,0.4158,global,Manh
RSIF,36_speech,numerical,0.3027,global,Manh
RSIF,36_speech,numerical,0.3312,global,Manh
RSIF,36_speech,numerical,0.5223,global,Manh
RSIF,36_speech,numerical,0.3792,global,Manh
RSIF,36_speech,numerical,0.4818,global,Eucl
RSIF,36_speech,numerical,0.5371,global,Eucl
RSIF,36_speech,numerical,0.2284,global,Eucl
RSIF,36_speech,numerical,0.4497,global,Eucl
RSIF,36_speech,numerical,0.3749,global,Eucl
RSIF,36_speech,numerical,0.3351,global,Eucl
RSIF,36_speech,numerical,0.4613,global,Eucl
RSIF,36_speech,numerical,0.3313,global,Eucl
RSIF,36_speech,numerical,0.4831,global,Eucl
RSIF,36_speech,numerical,0.4313,global,Eucl
RSIF,36_speech,numerical,0.5287,global,Cosi
RSIF,36_speech,numerical,0.4978,global,Cosi
RSIF,36_speech,numerical,0.473,global,Cosi
RSIF,36_speech,numerical,0.3976,global,Cosi
RSIF,36_speech,numerical,0.5745,global,Cosi
RSIF,36_speech,numerical,0.5105,global,Cosi
RSIF,36_speech,numerical,0.5626,global,Cosi
RSIF,36_speech,numerical,0.4862,global,Cosi
RSIF,36_speech,numerical,0.5929,global,Cosi
RSIF,36_speech,numerical,0.4221,global,Cosi
RSIF,36_speech,numerical,0.4715,global,Cheb
RSIF,36_speech,numerical,0.4517,global,Cheb
RSIF,36_speech,numerical,0.5763,global,Cheb
RSIF,36_speech,numerical,0.5333,global,Cheb
RSIF,36_speech,numerical,0.3428,global,Cheb
RSIF,36_speech,numerical,0.3471,global,Cheb
RSIF,36_speech,numerical,0.4634,global,Cheb
RSIF,36_speech,numerical,0.3688,global,Cheb
RSIF,36_speech,numerical,0.4658,global,Cheb
RSIF,36_speech,numerical,0.4865,global,Cheb
RSIF,36_speech,numerical,0.4462,local,Manh
RSIF,36_speech,numerical,0.5836,local,Manh
RSIF,36_speech,numerical,0.3785,local,Manh
RSIF,36_speech,numerical,0.3545,local,Manh
RSIF,36_speech,numerical,0.3171,local,Manh
RSIF,36_speech,numerical,0.474,local,Manh
RSIF,36_speech,numerical,0.5106,local,Manh
RSIF,36_speech,numerical,0.3514,local,Manh
RSIF,36_speech,numerical,0.4626,local,Manh
RSIF,36_speech,numerical,0.477,local,Manh
RSIF,36_speech,numerical,0.4144,local,Eucl
RSIF,36_speech,numerical,0.6212,local,Eucl
RSIF,36_speech,numerical,0.3735,local,Eucl
RSIF,36_speech,numerical,0.5048,local,Eucl
RSIF,36_speech,numerical,0.3057,local,Eucl
RSIF,36_speech,numerical,0.4485,local,Eucl
RSIF,36_speech,numerical,0.4588,local,Eucl
RSIF,36_speech,numerical,0.3716,local,Eucl
RSIF,36_speech,numerical,0.5821,local,Eucl
RSIF,36_speech,numerical,0.3716,local,Eucl
RSIF,36_speech,numerical,0.4057,local,Cosi
RSIF,36_speech,numerical,0.4705,local,Cosi
RSIF,36_speech,numerical,0.4329,local,Cosi
RSIF,36_speech,numerical,0.574,local,Cosi
RSIF,36_speech,numerical,0.3994,local,Cosi
RSIF,36_speech,numerical,0.2929,local,Cosi
RSIF,36_speech,numerical,0.3795,local,Cosi
RSIF,36_speech,numerical,0.4267,local,Cosi
RSIF,36_speech,numerical,0.4698,local,Cosi
RSIF,36_speech,numerical,0.4857,local,Cosi
RSIF,36_speech,numerical,0.483,local,Cheb
RSIF,36_speech,numerical,0.4835,local,Cheb
RSIF,36_speech,numerical,0.513,local,Cheb
RSIF,36_speech,numerical,0.4863,local,Cheb
RSIF,36_speech,numerical,0.411,local,Cheb
RSIF,36_speech,numerical,0.4386,local,Cheb
RSIF,36_speech,numerical,0.3647,local,Cheb
RSIF,36_speech,numerical,0.4197,local,Cheb
RSIF,36_speech,numerical,0.4898,local,Cheb
RSIF,36_speech,numerical,0.5249,local,Cheb
RSIF,36_speech,numerical,0.375,two_step,Manh
RSIF,36_speech,numerical,0.5555,two_step,Manh
RSIF,36_speech,numerical,0.4237,two_step,Manh
RSIF,36_speech,numerical,0.351,two_step,Manh
RSIF,36_speech,numerical,0.4295,two_step,Manh
RSIF,36_speech,numerical,0.455,two_step,Manh
RSIF,36_speech,numerical,0.4418,two_step,Manh
RSIF,36_speech,numerical,0.3379,two_step,Manh
RSIF,36_speech,numerical,0.6179,two_step,Manh
RSIF,36_speech,numerical,0.449,two_step,Manh
RSIF,36_speech,numerical,0.4071,two_step,Eucl
RSIF,36_speech,numerical,0.4824,two_step,Eucl
RSIF,36_speech,numerical,0.3621,two_step,Eucl
RSIF,36_speech,numerical,0.4158,two_step,Eucl
RSIF,36_speech,numerical,0.3783,two_step,Eucl
RSIF,36_speech,numerical,0.4084,two_step,Eucl
RSIF,36_speech,numerical,0.3857,two_step,Eucl
RSIF,36_speech,numerical,0.307,two_step,Eucl
RSIF,36_speech,numerical,0.5681,two_step,Eucl
RSIF,36_speech,numerical,0.5005,two_step,Eucl
RSIF,36_speech,numerical,0.4376,two_step,Cosi
RSIF,36_speech,numerical,0.5581,two_step,Cosi
RSIF,36_speech,numerical,0.3931,two_step,Cosi
RSIF,36_speech,numerical,0.5709,two_step,Cosi
RSIF,36_speech,numerical,0.3699,two_step,Cosi
RSIF,36_speech,numerical,0.5539,two_step,Cosi
RSIF,36_speech,numerical,0.4938,two_step,Cosi
RSIF,36_speech,numerical,0.5091,two_step,Cosi
RSIF,36_speech,numerical,0.461,two_step,Cosi
RSIF,36_speech,numerical,0.5389,two_step,Cosi
RSIF,36_speech,numerical,0.4655,two_step,Cheb
RSIF,36_speech,numerical,0.4975,two_step,Cheb
RSIF,36_speech,numerical,0.442,two_step,Cheb
RSIF,36_speech,numerical,0.4649,two_step,Cheb
RSIF,36_speech,numerical,0.4868,two_step,Cheb
RSIF,36_speech,numerical,0.5192,two_step,Cheb
RSIF,36_speech,numerical,0.5234,two_step,Cheb
RSIF,36_speech,numerical,0.4671,two_step,Cheb
RSIF,36_speech,numerical,0.5069,two_step,Cheb
RSIF,36_speech,numerical,0.5184,two_step,Cheb
RSIF,6_cardio,numerical,0.9657,random,Manh
RSIF,6_cardio,numerical,0.9624,random,Manh
RSIF,6_cardio,numerical,0.9644,random,Manh
RSIF,6_cardio,numerical,0.9527,random,Manh
RSIF,6_cardio,numerical,0.953,random,Manh
RSIF,6_cardio,numerical,0.9847,random,Manh
RSIF,6_cardio,numerical,0.9542,random,Manh
RSIF,6_cardio,numerical,0.9592,random,Manh
RSIF,6_cardio,numerical,0.9536,random,Manh
RSIF,6_cardio,numerical,0.9537,random,Manh
RSIF,6_cardio,numerical,0.976,random,Eucl
RSIF,6_cardio,numerical,0.9676,random,Eucl
RSIF,6_cardio,numerical,0.9568,random,Eucl
RSIF,6_cardio,numerical,0.9665,random,Eucl
RSIF,6_cardio,numerical,0.9588,random,Eucl
RSIF,6_cardio,numerical,0.9729,random,Eucl
RSIF,6_cardio,numerical,0.9347,random,Eucl
RSIF,6_cardio,numerical,0.9701,random,Eucl
RSIF,6_cardio,numerical,0.944,random,Eucl
RSIF,6_cardio,numerical,0.9636,random,Eucl
RSIF,6_cardio,numerical,0.5189,random,Cosi
RSIF,6_cardio,numerical,0.4278,random,Cosi
RSIF,6_cardio,numerical,0.4372,random,Cosi
RSIF,6_cardio,numerical,0.5313,random,Cosi
RSIF,6_cardio,numerical,0.3595,random,Cosi
RSIF,6_cardio,numerical,0.49,random,Cosi
RSIF,6_cardio,numerical,0.4064,random,Cosi
RSIF,6_cardio,numerical,0.3443,random,Cosi
RSIF,6_cardio,numerical,0.3012,random,Cosi
RSIF,6_cardio,numerical,0.4088,random,Cosi
RSIF,6_cardio,numerical,0.957,random,Cheb
RSIF,6_cardio,numerical,0.9439,random,Cheb
RSIF,6_cardio,numerical,0.9332,random,Cheb
RSIF,6_cardio,numerical,0.9316,random,Cheb
RSIF,6_cardio,numerical,0.9494,random,Cheb
RSIF,6_cardio,numerical,0.9636,random,Cheb
RSIF,6_cardio,numerical,0.9371,random,Cheb
RSIF,6_cardio,numerical,0.9482,random,Cheb
RSIF,6_cardio,numerical,0.9388,random,Cheb
RSIF,6_cardio,numerical,0.9516,random,Cheb
RSIF,6_cardio,numerical,0.9603,global,Manh
RSIF,6_cardio,numerical,0.9601,global,Manh
RSIF,6_cardio,numerical,0.9773,global,Manh
RSIF,6_cardio,numerical,0.9669,global,Manh
RSIF,6_cardio,numerical,0.9533,global,Manh
RSIF,6_cardio,numerical,0.9722,global,Manh
RSIF,6_cardio,numerical,0.9504,global,Manh
RSIF,6_cardio,numerical,0.9601,global,Manh
RSIF,6_cardio,numerical,0.9487,global,Manh
RSIF,6_cardio,numerical,0.962,global,Manh
RSIF,6_cardio,numerical,0.9741,global,Eucl
RSIF,6_cardio,numerical,0.9722,global,Eucl
RSIF,6_cardio,numerical,0.961,global,Eucl
RSIF,6_cardio,numerical,0.9581,global,Eucl
RSIF,6_cardio,numerical,0.9568,global,Eucl
RSIF,6_cardio,numerical,0.9761,global,Eucl
RSIF,6_cardio,numerical,0.95,global,Eucl
RSIF,6_cardio,numerical,0.9564,global,Eucl
RSIF,6_cardio,numerical,0.9557,global,Eucl
RSIF,6_cardio,numerical,0.9603,global,Eucl
RSIF,6_cardio,numerical,0.5338,global,Cosi
RSIF,6_cardio,numerical,0.4568,global,Cosi
RSIF,6_cardio,numerical,0.4701,global,Cosi
RSIF,6_cardio,numerical,0.4616,global,Cosi
RSIF,6_cardio,numerical,0.4177,global,Cosi
RSIF,6_cardio,numerical,0.3999,global,Cosi
RSIF,6_cardio,numerical,0.4937,global,Cosi
RSIF,6_cardio,numerical,0.3927,global,Cosi
RSIF,6_cardio,numerical,0.3498,global,Cosi
RSIF,6_cardio,numerical,0.361,global,Cosi
RSIF,6_cardio,numerical,0.9651,global,Cheb
RSIF,6_cardio,numerical,0.9448,global,Cheb
RSIF,6_cardio,numerical,0.9319,global,Cheb
RSIF,6_cardio,numerical,0.9416,global,Cheb
RSIF,6_cardio,numerical,0.9518,global,Cheb
RSIF,6_cardio,numerical,0.977,global,Cheb
RSIF,6_cardio,numerical,0.9396,global,Cheb
RSIF,6_cardio,numerical,0.9624,global,Cheb
RSIF,6_cardio,numerical,0.9434,global,Cheb
RSIF,6_cardio,numerical,0.9594,global,Cheb
RSIF,6_cardio,numerical,0.9696,local,Manh
RSIF,6_cardio,numerical,0.9673,local,Manh
RSIF,6_cardio,numerical,0.9763,local,Manh
RSIF,6_cardio,numerical,0.9627,local,Manh
RSIF,6_cardio,numerical,0.9497,local,Manh
RSIF,6_cardio,numerical,0.9697,local,Manh
RSIF,6_cardio,numerical,0.9471,local,Manh
RSIF,6_cardio,numerical,0.9629,local,Manh
RSIF,6_cardio,numerical,0.9585,local,Manh
RSIF,6_cardio,numerical,0.9626,local,Manh
RSIF,6_cardio,numerical,0.9696,local,Eucl
RSIF,6_cardio,numerical,0.969,local,Eucl
RSIF,6_cardio,numerical,0.9589,local,Eucl
RSIF,6_cardio,numerical,0.9601,local,Eucl
RSIF,6_cardio,numerical,0.9657,local,Eucl
RSIF,6_cardio,numerical,0.9842,local,Eucl
RSIF,6_cardio,numerical,0.9442,local,Eucl
RSIF,6_cardio,numerical,0.9637,local,Eucl
RSIF,6_cardio,numerical,0.9561,local,Eucl
RSIF,6_cardio,numerical,0.9639,local,Eucl
RSIF,6_cardio,numerical,0.4975,local,Cosi
RSIF,6_cardio,numerical,0.3662,local,Cosi
RSIF,6_cardio,numerical,0.3799,local,Cosi
RSIF,6_cardio,numerical,0.4275,local,Cosi
RSIF,6_cardio,numerical,0.4736,local,Cosi
RSIF,6_cardio,numerical,0.3206,local,Cosi
RSIF,6_cardio,numerical,0.4156,local,Cosi
RSIF,6_cardio,numerical,0.5895,local,Cosi
RSIF,6_cardio,numerical,0.3934,local,Cosi
RSIF,6_cardio,numerical,0.3149,local,Cosi
RSIF,6_cardio,numerical,0.9604,local,Cheb
RSIF,6_cardio,numerical,0.9635,local,Cheb
RSIF,6_cardio,numerical,0.9324,local,Cheb
RSIF,6_cardio,numerical,0.9438,local,Cheb
RSIF,6_cardio,numerical,0.9623,local,Cheb
RSIF,6_cardio,numerical,0.9727,local,Cheb
RSIF,6_cardio,numerical,0.9361,local,Cheb
RSIF,6_cardio,numerical,0.9453,local,Cheb
RSIF,6_cardio,numerical,0.9476,local,Cheb
RSIF,6_cardio,numerical,0.9503,local,Cheb
RSIF,6_cardio,numerical,0.9718,two_step,Manh
RSIF,6_cardio,numerical,0.9617,two_step,Manh
RSIF,6_cardio,numerical,0.9771,two_step,Manh
RSIF,6_cardio,numerical,0.9624,two_step,Manh
RSIF,6_cardio,numerical,0.9529,two_step,Manh
RSIF,6_cardio,numerical,0.9728,two_step,Manh
RSIF,6_cardio,numerical,0.9522,two_step,Manh
RSIF,6_cardio,numerical,0.9664,two_step,Manh
RSIF,6_cardio,numerical,0.9594,two_step,Manh
RSIF,6_cardio,numerical,0.9599,two_step,Manh
RSIF,6_cardio,numerical,0.9741,two_step,Eucl
RSIF,6_cardio,numerical,0.9684,two_step,Eucl
RSIF,6_cardio,numerical,0.9623,two_step,Eucl
RSIF,6_cardio,numerical,0.9653,two_step,Eucl
RSIF,6_cardio,numerical,0.9681,two_step,Eucl
RSIF,6_cardio,numerical,0.9835,two_step,Eucl
RSIF,6_cardio,numerical,0.9537,two_step,Eucl
RSIF,6_cardio,numerical,0.9625,two_step,Eucl
RSIF,6_cardio,numerical,0.9528,two_step,Eucl
RSIF,6_cardio,numerical,0.9623,two_step,Eucl
RSIF,6_cardio,numerical,0.4399,two_step,Cosi
RSIF,6_cardio,numerical,0.5193,two_step,Cosi
RSIF,6_cardio,numerical,0.3239,two_step,Cosi
RSIF,6_cardio,numerical,0.3575,two_step,Cosi
RSIF,6_cardio,numerical,0.485,two_step,Cosi
RSIF,6_cardio,numerical,0.4296,two_step,Cosi
RSIF,6_cardio,numerical,0.4999,two_step,Cosi
RSIF,6_cardio,numerical,0.4799,two_step,Cosi
RSIF,6_cardio,numerical,0.4162,two_step,Cosi
RSIF,6_cardio,numerical,0.4336,two_step,Cosi
RSIF,6_cardio,numerical,0.9663,two_step,Cheb
RSIF,6_cardio,numerical,0.93,two_step,Cheb
RSIF,6_cardio,numerical,0.9487,two_step,Cheb
RSIF,6_cardio,numerical,0.9475,two_step,Cheb
RSIF,6_cardio,numerical,0.9458,two_step,Cheb
RSIF,6_cardio,numerical,0.9706,two_step,Cheb
RSIF,6_cardio,numerical,0.9292,two_step,Cheb
RSIF,6_cardio,numerical,0.9603,two_step,Cheb
RSIF,6_cardio,numerical,0.9405,two_step,Cheb
RSIF,6_cardio,numerical,0.9658,two_step,Cheb
RSIF,26_optdigits,numerical,0.4577,random,Manh
RSIF,26_optdigits,numerical,0.5109,random,Manh
RSIF,26_optdigits,numerical,0.44,random,Manh
RSIF,26_optdigits,numerical,0.5007,random,Manh
RSIF,26_optdigits,numerical,0.4119,random,Manh
RSIF,26_optdigits,numerical,0.3368,random,Manh
RSIF,26_optdigits,numerical,0.3888,random,Manh
RSIF,26_optdigits,numerical,0.4996,random,Manh
RSIF,26_optdigits,numerical,0.3909,random,Manh
RSIF,26_optdigits,numerical,0.5103,random,Manh
RSIF,26_optdigits,numerical,0.3931,random,Eucl
RSIF,26_optdigits,numerical,0.4422,random,Eucl
RSIF,26_optdigits,numerical,0.4089,random,Eucl
RSIF,26_optdigits,numerical,0.3273,random,Eucl
RSIF,26_optdigits,numerical,0.3837,random,Eucl
RSIF,26_optdigits,numerical,0.3923,random,Eucl
RSIF,26_optdigits,numerical,0.4485,random,Eucl
RSIF,26_optdigits,numerical,0.4204,random,Eucl
RSIF,26_optdigits,numerical,0.5596,random,Eucl
RSIF,26_optdigits,numerical,0.3876,random,Eucl
RSIF,26_optdigits,numerical,0.5778,random,Cosi
RSIF,26_optdigits,numerical,0.4145,random,Cosi
RSIF,26_optdigits,numerical,0.4664,random,Cosi
RSIF,26_optdigits,numerical,0.5385,random,Cosi
RSIF,26_optdigits,numerical,0.3951,random,Cosi
RSIF,26_optdigits,numerical,0.631,random,Cosi
RSIF,26_optdigits,numerical,0.4498,random,Cosi
RSIF,26_optdigits,numerical,0.5592,random,Cosi
RSIF,26_optdigits,numerical,0.4282,random,Cosi
RSIF,26_optdigits,numerical,0.4221,random,Cosi
RSIF,26_optdigits,numerical,0.2738,random,Cheb
RSIF,26_optdigits,numerical,0.3242,random,Cheb
RSIF,26_optdigits,numerical,0.2647,random,Cheb
RSIF,26_optdigits,numerical,0.2785,random,Cheb
RSIF,26_optdigits,numerical,0.5117,random,Cheb
RSIF,26_optdigits,numerical,0.3868,random,Cheb
RSIF,26_optdigits,numerical,0.3018,random,Cheb
RSIF,26_optdigits,numerical,0.3538,random,Cheb
RSIF,26_optdigits,numerical,0.3713,random,Cheb
RSIF,26_optdigits,numerical,0.3148,random,Cheb
RSIF,26_optdigits,numerical,0.5683,global,Manh
RSIF,26_optdigits,numerical,0.5655,global,Manh
RSIF,26_optdigits,numerical,0.4686,global,Manh
RSIF,26_optdigits,numerical,0.5861,global,Manh
RSIF,26_optdigits,numerical,0.4236,global,Manh
RSIF,26_optdigits,numerical,0.5139,global,Manh
RSIF,26_optdigits,numerical,0.4889,global,Manh
RSIF,26_optdigits,numerical,0.3828,global,Manh
RSIF,26_optdigits,numerical,0.6651,global,Manh
RSIF,26_optdigits,numerical,0.4111,global,Manh
RSIF,26_optdigits,numerical,0.3244,global,Eucl
RSIF,26_optdigits,numerical,0.3946,global,Eucl
RSIF,26_optdigits,numerical,0.4834,global,Eucl
RSIF,26_optdigits,numerical,0.5146,global,Eucl
RSIF,26_optdigits,numerical,0.4848,global,Eucl
RSIF,26_optdigits,numerical,0.4112,global,Eucl
RSIF,26_optdigits,numerical,0.4688,global,Eucl
RSIF,26_optdigits,numerical,0.4004,global,Eucl
RSIF,26_optdigits,numerical,0.3542,global,Eucl
RSIF,26_optdigits,numerical,0.3496,global,Eucl
RSIF,26_optdigits,numerical,0.7145,global,Cosi
RSIF,26_optdigits,numerical,0.5901,global,Cosi
RSIF,26_optdigits,numerical,0.5649,global,Cosi
RSIF,26_optdigits,numerical,0.6457,global,Cosi
RSIF,26_optdigits,numerical,0.4497,global,Cosi
RSIF,26_optdigits,numerical,0.6619,global,Cosi
RSIF,26_optdigits,numerical,0.7478,global,Cosi
RSIF,26_optdigits,numerical,0.808,global,Cosi
RSIF,26_optdigits,numerical,0.6988,global,Cosi
RSIF,26_optdigits,numerical,0.6802,global,Cosi
RSIF,26_optdigits,numerical,0.2153,global,Cheb
RSIF,26_optdigits,numerical,0.409,global,Cheb
RSIF,26_optdigits,numerical,0.3395,global,Cheb
RSIF,26_optdigits,numerical,0.3756,global,Cheb
RSIF,26_optdigits,numerical,0.2126,global,Cheb
RSIF,26_optdigits,numerical,0.3824,global,Cheb
RSIF,26_optdigits,numerical,0.2528,global,Cheb
RSIF,26_optdigits,numerical,0.3413,global,Cheb
RSIF,26_optdigits,numerical,0.3072,global,Cheb
RSIF,26_optdigits,numerical,0.4043,global,Cheb
RSIF,26_optdigits,numerical,0.4898,local,Manh
RSIF,26_optdigits,numerical,0.4202,local,Manh
RSIF,26_optdigits,numerical,0.4289,local,Manh
RSIF,26_optdigits,numerical,0.3286,local,Manh
RSIF,26_optdigits,numerical,0.3546,local,Manh
RSIF,26_optdigits,numerical,0.3662,local,Manh
RSIF,26_optdigits,numerical,0.3709,local,Manh
RSIF,26_optdigits,numerical,0.4125,local,Manh
RSIF,26_optdigits,numerical,0.5586,local,Manh
RSIF,26_optdigits,numerical,0.4365,local,Manh
RSIF,26_optdigits,numerical,0.3914,local,Eucl
RSIF,26_optdigits,numerical,0.4175,local,Eucl
RSIF,26_optdigits,numerical,0.453,local,Eucl
RSIF,26_optdigits,numerical,0.3183,local,Eucl
RSIF,26_optdigits,numerical,0.3506,local,Eucl
RSIF,26_optdigits,numerical,0.4457,local,Eucl
RSIF,26_optdigits,numerical,0.3171,local,Eucl
RSIF,26_optdigits,numerical,0.452,local,Eucl
RSIF,26_optdigits,numerical,0.3957,local,Eucl
RSIF,26_optdigits,numerical,0.4854,local,Eucl
RSIF,26_optdigits,numerical,0.514,local,Cosi
RSIF,26_optdigits,numerical,0.4821,local,Cosi
RSIF,26_optdigits,numerical,0.6456,local,Cosi
RSIF,26_optdigits,numerical,0.596,local,Cosi
RSIF,26_optdigits,numerical,0.5179,local,Cosi
RSIF,26_optdigits,numerical,0.493,local,Cosi
RSIF,26_optdigits,numerical,0.5967,local,Cosi
RSIF,26_optdigits,numerical,0.657,local,Cosi
RSIF,26_optdigits,numerical,0.6042,local,Cosi
RSIF,26_optdigits,numerical,0.4915,local,Cosi
RSIF,26_optdigits,numerical,0.2556,local,Cheb
RSIF,26_optdigits,numerical,0.4083,local,Cheb
RSIF,26_optdigits,numerical,0.3123,local,Cheb
RSIF,26_optdigits,numerical,0.3077,local,Cheb
RSIF,26_optdigits,numerical,0.2966,local,Cheb
RSIF,26_optdigits,numerical,0.3521,local,Cheb
RSIF,26_optdigits,numerical,0.3099,local,Cheb
RSIF,26_optdigits,numerical,0.3137,local,Cheb
RSIF,26_optdigits,numerical,0.2414,local,Cheb
RSIF,26_optdigits,numerical,0.3744,local,Cheb
RSIF,26_optdigits,numerical,0.4113,two_step,Manh
RSIF,26_optdigits,numerical,0.3922,two_step,Manh
RSIF,26_optdigits,numerical,0.4671,two_step,Manh
RSIF,26_optdigits,numerical,0.537,two_step,Manh
RSIF,26_optdigits,numerical,0.4759,two_step,Manh
RSIF,26_optdigits,numerical,0.4904,two_step,Manh
RSIF,26_optdigits,numerical,0.4897,two_step,Manh
RSIF,26_optdigits,numerical,0.5164,two_step,Manh
RSIF,26_optdigits,numerical,0.4269,two_step,Manh
RSIF,26_optdigits,numerical,0.5024,two_step,Manh
RSIF,26_optdigits,numerical,0.3943,two_step,Eucl
RSIF,26_optdigits,numerical,0.3916,two_step,Eucl
RSIF,26_optdigits,numerical,0.5523,two_step,Eucl
RSIF,26_optdigits,numerical,0.4525,two_step,Eucl
RSIF,26_optdigits,numerical,0.2983,two_step,Eucl
RSIF,26_optdigits,numerical,0.3881,two_step,Eucl
RSIF,26_optdigits,numerical,0.3744,two_step,Eucl
RSIF,26_optdigits,numerical,0.4015,two_step,Eucl
RSIF,26_optdigits,numerical,0.278,two_step,Eucl
RSIF,26_optdigits,numerical,0.3983,two_step,Eucl
RSIF,26_optdigits,numerical,0.4137,two_step,Cosi
RSIF,26_optdigits,numerical,0.447,two_step,Cosi
RSIF,26_optdigits,numerical,0.5856,two_step,Cosi
RSIF,26_optdigits,numerical,0.457,two_step,Cosi
RSIF,26_optdigits,numerical,0.7252,two_step,Cosi
RSIF,26_optdigits,numerical,0.5244,two_step,Cosi
RSIF,26_optdigits,numerical,0.4707,two_step,Cosi
RSIF,26_optdigits,numerical,0.4856,two_step,Cosi
RSIF,26_optdigits,numerical,0.6039,two_step,Cosi
RSIF,26_optdigits,numerical,0.3411,two_step,Cosi
RSIF,26_optdigits,numerical,0.2793,two_step,Cheb
RSIF,26_optdigits,numerical,0.3301,two_step,Cheb
RSIF,26_optdigits,numerical,0.2709,two_step,Cheb
RSIF,26_optdigits,numerical,0.3732,two_step,Cheb
RSIF,26_optdigits,numerical,0.3079,two_step,Cheb
RSIF,26_optdigits,numerical,0.2975,two_step,Cheb
RSIF,26_optdigits,numerical,0.2323,two_step,Cheb
RSIF,26_optdigits,numerical,0.2638,two_step,Cheb
RSIF,26_optdigits,numerical,0.3512,two_step,Cheb
RSIF,26_optdigits,numerical,0.3173,two_step,Cheb
RSIF,COX2,graph,0.4836,random,Ipse
RSIF,COX2,graph,0.4,random,Ipse
RSIF,COX2,graph,0.3364,random,Ipse
RSIF,COX2,graph,0.6418,random,Ipse
RSIF,COX2,graph,0.5273,random,Ipse
RSIF,COX2,graph,0.5473,random,Ipse
RSIF,COX2,graph,0.5855,random,Ipse
RSIF,COX2,graph,0.4327,random,Ipse
RSIF,COX2,graph,0.4564,random,Ipse
RSIF,COX2,graph,0.4527,random,Ipse
RSIF,COX2,graph,0.5691,random,Port
RSIF,COX2,graph,0.4282,random,Port
RSIF,COX2,graph,0.6945,random,Port
RSIF,COX2,graph,0.6555,random,Port
RSIF,COX2,graph,0.3391,random,Port
RSIF,COX2,graph,0.5582,random,Port
RSIF,COX2,graph,0.5027,random,Port
RSIF,COX2,graph,0.3655,random,Port
RSIF,COX2,graph,0.6518,random,Port
RSIF,COX2,graph,0.5891,random,Port
RSIF,COX2,graph,0.53,random,NetS
RSIF,COX2,graph,0.5336,random,NetS
RSIF,COX2,graph,0.5345,random,NetS
RSIF,COX2,graph,0.6573,random,NetS
RSIF,COX2,graph,0.3627,random,NetS
RSIF,COX2,graph,0.6318,random,NetS
RSIF,COX2,graph,0.5445,random,NetS
RSIF,COX2,graph,0.3882,random,NetS
RSIF,COX2,graph,0.6136,random,NetS
RSIF,COX2,graph,0.4745,random,NetS
RSIF,COX2,graph,0.4982,random,Degr
RSIF,COX2,graph,0.4918,random,Degr
RSIF,COX2,graph,0.5218,random,Degr
RSIF,COX2,graph,0.5936,random,Degr
RSIF,COX2,graph,0.7,random,Degr
RSIF,COX2,graph,0.7009,random,Degr
RSIF,COX2,graph,0.7527,random,Degr
RSIF,COX2,graph,0.5636,random,Degr
RSIF,COX2,graph,0.7173,random,Degr
RSIF,COX2,graph,0.4818,random,Degr
RSIF,COX2,graph,0.5855,random,NetL
RSIF,COX2,graph,0.5691,random,NetL
RSIF,COX2,graph,0.5873,random,NetL
RSIF,COX2,graph,0.6627,random,NetL
RSIF,COX2,graph,0.5245,random,NetL
RSIF,COX2,graph,0.5018,random,NetL
RSIF,COX2,graph,0.6373,random,NetL
RSIF,COX2,graph,0.6473,random,NetL
RSIF,COX2,graph,0.6245,random,NetL
RSIF,COX2,graph,0.4982,random,NetL
RSIF,COX2,graph,0.7545,random,Nume
RSIF,COX2,graph,0.69,random,Nume
RSIF,COX2,graph,0.5509,random,Nume
RSIF,COX2,graph,0.7409,random,Nume
RSIF,COX2,graph,0.4645,random,Nume
RSIF,COX2,graph,0.54,random,Nume
RSIF,COX2,graph,0.61,random,Nume
RSIF,COX2,graph,0.6636,random,Nume
RSIF,COX2,graph,0.6573,random,Nume
RSIF,COX2,graph,0.4927,random,Nume
RSIF,COX2,graph,0.4582,global,Ipse
RSIF,COX2,graph,0.44,global,Ipse
RSIF,COX2,graph,0.4309,global,Ipse
RSIF,COX2,graph,0.6091,global,Ipse
RSIF,COX2,graph,0.5382,global,Ipse
RSIF,COX2,graph,0.5564,global,Ipse
RSIF,COX2,graph,0.6091,global,Ipse
RSIF,COX2,graph,0.5255,global,Ipse
RSIF,COX2,graph,0.4964,global,Ipse
RSIF,COX2,graph,0.4709,global,Ipse
RSIF,COX2,graph,0.5327,global,Port
RSIF,COX2,graph,0.4682,global,Port
RSIF,COX2,graph,0.6145,global,Port
RSIF,COX2,graph,0.61,global,Port
RSIF,COX2,graph,0.4555,global,Port
RSIF,COX2,graph,0.5818,global,Port
RSIF,COX2,graph,0.5409,global,Port
RSIF,COX2,graph,0.3855,global,Port
RSIF,COX2,graph,0.5318,global,Port
RSIF,COX2,graph,0.62,global,Port
RSIF,COX2,graph,0.5573,global,NetS
RSIF,COX2,graph,0.5391,global,NetS
RSIF,COX2,graph,0.5418,global,NetS
RSIF,COX2,graph,0.5991,global,NetS
RSIF,COX2,graph,0.3664,global,NetS
RSIF,COX2,graph,0.6445,global,NetS
RSIF,COX2,graph,0.6355,global,NetS
RSIF,COX2,graph,0.29,global,NetS
RSIF,COX2,graph,0.55,global,NetS
RSIF,COX2,graph,0.4927,global,NetS
RSIF,COX2,graph,0.4691,global,Degr
RSIF,COX2,graph,0.3718,global,Degr
RSIF,COX2,graph,0.5182,global,Degr
RSIF,COX2,graph,0.5918,global,Degr
RSIF,COX2,graph,0.6891,global,Degr
RSIF,COX2,graph,0.7064,global,Degr
RSIF,COX2,graph,0.7436,global,Degr
RSIF,COX2,graph,0.52,global,Degr
RSIF,COX2,graph,0.6936,global,Degr
RSIF,COX2,graph,0.54,global,Degr
RSIF,COX2,graph,0.5873,global,NetL
RSIF,COX2,graph,0.6755,global,NetL
RSIF,COX2,graph,0.6373,global,NetL
RSIF,COX2,graph,0.65,global,NetL
RSIF,COX2,graph,0.5318,global,NetL
RSIF,COX2,graph,0.5036,global,NetL
RSIF,COX2,graph,0.5845,global,NetL
RSIF,COX2,graph,0.6318,global,NetL
RSIF,COX2,graph,0.6045,global,NetL
RSIF,COX2,graph,0.4182,global,NetL
RSIF,COX2,graph,0.6818,global,Nume
RSIF,COX2,graph,0.6027,global,Nume
RSIF,COX2,graph,0.4927,global,Nume
RSIF,COX2,graph,0.6864,global,Nume
RSIF,COX2,graph,0.5664,global,Nume
RSIF,COX2,graph,0.5,global,Nume
RSIF,COX2,graph,0.6227,global,Nume
RSIF,COX2,graph,0.76,global,Nume
RSIF,COX2,graph,0.5918,global,Nume
RSIF,COX2,graph,0.3491,global,Nume
RSIF,COX2,graph,0.28,local,Ipse
RSIF,COX2,graph,0.4836,local,Ipse
RSIF,COX2,graph,0.4218,local,Ipse
RSIF,COX2,graph,0.5691,local,Ipse
RSIF,COX2,graph,0.5091,local,Ipse
RSIF,COX2,graph,0.4891,local,Ipse
RSIF,COX2,graph,0.6945,local,Ipse
RSIF,COX2,graph,0.3909,local,Ipse
RSIF,COX2,graph,0.4418,local,Ipse
RSIF,COX2,graph,0.4509,local,Ipse
RSIF,COX2,graph,0.5273,local,Port
RSIF,COX2,graph,0.5227,local,Port
RSIF,COX2,graph,0.4091,local,Port
RSIF,COX2,graph,0.6136,local,Port
RSIF,COX2,graph,0.4118,local,Port
RSIF,COX2,graph,0.4909,local,Port
RSIF,COX2,graph,0.5427,local,Port
RSIF,COX2,graph,0.3491,local,Port
RSIF,COX2,graph,0.5918,local,Port
RSIF,COX2,graph,0.6655,local,Port
RSIF,COX2,graph,0.5191,local,NetS
RSIF,COX2,graph,0.5409,local,NetS
RSIF,COX2,graph,0.5745,local,NetS
RSIF,COX2,graph,0.59,local,NetS
RSIF,COX2,graph,0.3627,local,NetS
RSIF,COX2,graph,0.6264,local,NetS
RSIF,COX2,graph,0.6245,local,NetS
RSIF,COX2,graph,0.35,local,NetS
RSIF,COX2,graph,0.5773,local,NetS
RSIF,COX2,graph,0.5036,local,NetS
RSIF,COX2,graph,0.4873,local,Degr
RSIF,COX2,graph,0.35,local,Degr
RSIF,COX2,graph,0.5055,local,Degr
RSIF,COX2,graph,0.57,local,Degr
RSIF,COX2,graph,0.6709,local,Degr
RSIF,COX2,graph,0.6627,local,Degr
RSIF,COX2,graph,0.7727,local,Degr
RSIF,COX2,graph,0.5164,local,Degr
RSIF,COX2,graph,0.6864,local,Degr
RSIF,COX2,graph,0.54,local,Degr
RSIF,COX2,graph,0.6382,local,NetL
RSIF,COX2,graph,0.6845,local,NetL
RSIF,COX2,graph,0.6164,local,NetL
RSIF,COX2,graph,0.6864,local,NetL
RSIF,COX2,graph,0.6027,local,NetL
RSIF,COX2,graph,0.5364,local,NetL
RSIF,COX2,graph,0.5373,local,NetL
RSIF,COX2,graph,0.6345,local,NetL
RSIF,COX2,graph,0.6973,local,NetL
RSIF,COX2,graph,0.4818,local,NetL
RSIF,COX2,graph,0.6836,local,Nume
RSIF,COX2,graph,0.6409,local,Nume
RSIF,COX2,graph,0.62,local,Nume
RSIF,COX2,graph,0.7136,local,Nume
RSIF,COX2,graph,0.4773,local,Nume
RSIF,COX2,graph,0.46,local,Nume
RSIF,COX2,graph,0.6682,local,Nume
RSIF,COX2,graph,0.8073,local,Nume
RSIF,COX2,graph,0.7227,local,Nume
RSIF,COX2,graph,0.3927,local,Nume
RSIF,COX2,graph,0.5509,two_step,Ipse
RSIF,COX2,graph,0.4455,two_step,Ipse
RSIF,COX2,graph,0.38,two_step,Ipse
RSIF,COX2,graph,0.6182,two_step,Ipse
RSIF,COX2,graph,0.4927,two_step,Ipse
RSIF,COX2,graph,0.48,two_step,Ipse
RSIF,COX2,graph,0.6109,two_step,Ipse
RSIF,COX2,graph,0.5145,two_step,Ipse
RSIF,COX2,graph,0.4436,two_step,Ipse
RSIF,COX2,graph,0.4964,two_step,Ipse
RSIF,COX2,graph,0.5109,two_step,Port
RSIF,COX2,graph,0.4464,two_step,Port
RSIF,COX2,graph,0.6345,two_step,Port
RSIF,COX2,graph,0.6136,two_step,Port
RSIF,COX2,graph,0.4755,two_step,Port
RSIF,COX2,graph,0.62,two_step,Port
RSIF,COX2,graph,0.5555,two_step,Port
RSIF,COX2,graph,0.3582,two_step,Port
RSIF,COX2,graph,0.5864,two_step,Port
RSIF,COX2,graph,0.6309,two_step,Port
RSIF,COX2,graph,0.5682,two_step,NetS
RSIF,COX2,graph,0.5082,two_step,NetS
RSIF,COX2,graph,0.4491,two_step,NetS
RSIF,COX2,graph,0.5427,two_step,NetS
RSIF,COX2,graph,0.3882,two_step,NetS
RSIF,COX2,graph,0.5682,two_step,NetS
RSIF,COX2,graph,0.5845,two_step,NetS
RSIF,COX2,graph,0.3173,two_step,NetS
RSIF,COX2,graph,0.6173,two_step,NetS
RSIF,COX2,graph,0.4236,two_step,NetS
RSIF,COX2,graph,0.5018,two_step,Degr
RSIF,COX2,graph,0.4555,two_step,Degr
RSIF,COX2,graph,0.5018,two_step,Degr
RSIF,COX2,graph,0.6245,two_step,Degr
RSIF,COX2,graph,0.6764,two_step,Degr
RSIF,COX2,graph,0.7245,two_step,Degr
RSIF,COX2,graph,0.7418,two_step,Degr
RSIF,COX2,graph,0.5564,two_step,Degr
RSIF,COX2,graph,0.6536,two_step,Degr
RSIF,COX2,graph,0.5545,two_step,Degr
RSIF,COX2,graph,0.6382,two_step,NetL
RSIF,COX2,graph,0.5973,two_step,NetL
RSIF,COX2,graph,0.6564,two_step,NetL
RSIF,COX2,graph,0.6264,two_step,NetL
RSIF,COX2,graph,0.51,two_step,NetL
RSIF,COX2,graph,0.5127,two_step,NetL
RSIF,COX2,graph,0.6118,two_step,NetL
RSIF,COX2,graph,0.6745,two_step,NetL
RSIF,COX2,graph,0.6009,two_step,NetL
RSIF,COX2,graph,0.4018,two_step,NetL
RSIF,COX2,graph,0.7418,two_step,Nume
RSIF,COX2,graph,0.6536,two_step,Nume
RSIF,COX2,graph,0.5727,two_step,Nume
RSIF,COX2,graph,0.6682,two_step,Nume
RSIF,COX2,graph,0.5755,two_step,Nume
RSIF,COX2,graph,0.4855,two_step,Nume
RSIF,COX2,graph,0.6391,two_step,Nume
RSIF,COX2,graph,0.6982,two_step,Nume
RSIF,COX2,graph,0.6536,two_step,Nume
RSIF,COX2,graph,0.4745,two_step,Nume
RSIF,BZR,graph,0.6125,random,Ipse
RSIF,BZR,graph,0.6562,random,Ipse
RSIF,BZR,graph,0.5542,random,Ipse
RSIF,BZR,graph,0.7812,random,Ipse
RSIF,BZR,graph,0.6708,random,Ipse
RSIF,BZR,graph,0.8021,random,Ipse
RSIF,BZR,graph,0.5792,random,Ipse
RSIF,BZR,graph,0.8333,random,Ipse
RSIF,BZR,graph,0.7271,random,Ipse
RSIF,BZR,graph,0.5438,random,Ipse
RSIF,BZR,graph,0.5229,random,Port
RSIF,BZR,graph,0.6021,random,Port
RSIF,BZR,graph,0.6542,random,Port
RSIF,BZR,graph,0.8333,random,Port
RSIF,BZR,graph,0.6312,random,Port
RSIF,BZR,graph,0.6875,random,Port
RSIF,BZR,graph,0.7188,random,Port
RSIF,BZR,graph,0.7146,random,Port
RSIF,BZR,graph,0.4375,random,Port
RSIF,BZR,graph,0.575,random,Port
RSIF,BZR,graph,0.675,random,NetS
RSIF,BZR,graph,0.5479,random,NetS
RSIF,BZR,graph,0.4271,random,NetS
RSIF,BZR,graph,0.3083,random,NetS
RSIF,BZR,graph,0.6771,random,NetS
RSIF,BZR,graph,0.4312,random,NetS
RSIF,BZR,graph,0.4417,random,NetS
RSIF,BZR,graph,0.5063,random,NetS
RSIF,BZR,graph,0.5958,random,NetS
RSIF,BZR,graph,0.6208,random,NetS
RSIF,BZR,graph,0.8458,random,Degr
RSIF,BZR,graph,0.7781,random,Degr
RSIF,BZR,graph,0.7635,random,Degr
RSIF,BZR,graph,0.6896,random,Degr
RSIF,BZR,graph,0.8188,random,Degr
RSIF,BZR,graph,0.7708,random,Degr
RSIF,BZR,graph,0.8625,random,Degr
RSIF,BZR,graph,0.849,random,Degr
RSIF,BZR,graph,0.7875,random,Degr
RSIF,BZR,graph,0.8594,random,Degr
RSIF,BZR,graph,0.5854,random,NetL
RSIF,BZR,graph,0.6208,random,NetL
RSIF,BZR,graph,0.699,random,NetL
RSIF,BZR,graph,0.9125,random,NetL
RSIF,BZR,graph,0.6729,random,NetL
RSIF,BZR,graph,0.7,random,NetL
RSIF,BZR,graph,0.8375,random,NetL
RSIF,BZR,graph,0.7354,random,NetL
RSIF,BZR,graph,0.5896,random,NetL
RSIF,BZR,graph,0.5146,random,NetL
RSIF,BZR,graph,0.5854,random,Nume
RSIF,BZR,graph,0.4625,random,Nume
RSIF,BZR,graph,0.6812,random,Nume
RSIF,BZR,graph,0.8792,random,Nume
RSIF,BZR,graph,0.6562,random,Nume
RSIF,BZR,graph,0.674,random,Nume
RSIF,BZR,graph,0.7979,random,Nume
RSIF,BZR,graph,0.7312,random,Nume
RSIF,BZR,graph,0.5146,random,Nume
RSIF,BZR,graph,0.5771,random,Nume
RSIF,BZR,graph,0.5396,global,Ipse
RSIF,BZR,graph,0.5604,global,Ipse
RSIF,BZR,graph,0.4896,global,Ipse
RSIF,BZR,graph,0.7208,global,Ipse
RSIF,BZR,graph,0.6792,global,Ipse
RSIF,BZR,graph,0.875,global,Ipse
RSIF,BZR,graph,0.5688,global,Ipse
RSIF,BZR,graph,0.8167,global,Ipse
RSIF,BZR,graph,0.6042,global,Ipse
RSIF,BZR,graph,0.5375,global,Ipse
RSIF,BZR,graph,0.3771,global,Port
RSIF,BZR,graph,0.5229,global,Port
RSIF,BZR,graph,0.6792,global,Port
RSIF,BZR,graph,0.8646,global,Port
RSIF,BZR,graph,0.5917,global,Port
RSIF,BZR,graph,0.6604,global,Port
RSIF,BZR,graph,0.6604,global,Port
RSIF,BZR,graph,0.6979,global,Port
RSIF,BZR,graph,0.5375,global,Port
RSIF,BZR,graph,0.5042,global,Port
RSIF,BZR,graph,0.5917,global,NetS
RSIF,BZR,graph,0.5354,global,NetS
RSIF,BZR,graph,0.4667,global,NetS
RSIF,BZR,graph,0.2604,global,NetS
RSIF,BZR,graph,0.6729,global,NetS
RSIF,BZR,graph,0.5833,global,NetS
RSIF,BZR,graph,0.5521,global,NetS
RSIF,BZR,graph,0.5833,global,NetS
RSIF,BZR,graph,0.5062,global,NetS
RSIF,BZR,graph,0.6729,global,NetS
RSIF,BZR,graph,0.8292,global,Degr
RSIF,BZR,graph,0.7635,global,Degr
RSIF,BZR,graph,0.7635,global,Degr
RSIF,BZR,graph,0.6792,global,Degr
RSIF,BZR,graph,0.825,global,Degr
RSIF,BZR,graph,0.75,global,Degr
RSIF,BZR,graph,0.8812,global,Degr
RSIF,BZR,graph,0.8615,global,Degr
RSIF,BZR,graph,0.8146,global,Degr
RSIF,BZR,graph,0.8448,global,Degr
RSIF,BZR,graph,0.5583,global,NetL
RSIF,BZR,graph,0.6396,global,NetL
RSIF,BZR,graph,0.6823,global,NetL
RSIF,BZR,graph,0.8938,global,NetL
RSIF,BZR,graph,0.6281,global,NetL
RSIF,BZR,graph,0.7688,global,NetL
RSIF,BZR,graph,0.7865,global,NetL
RSIF,BZR,graph,0.6917,global,NetL
RSIF,BZR,graph,0.4896,global,NetL
RSIF,BZR,graph,0.5542,global,NetL
RSIF,BZR,graph,0.6479,global,Nume
RSIF,BZR,graph,0.5417,global,Nume
RSIF,BZR,graph,0.7063,global,Nume
RSIF,BZR,graph,0.8875,global,Nume
RSIF,BZR,graph,0.7,global,Nume
RSIF,BZR,graph,0.6406,global,Nume
RSIF,BZR,graph,0.8,global,Nume
RSIF,BZR,graph,0.6896,global,Nume
RSIF,BZR,graph,0.5062,global,Nume
RSIF,BZR,graph,0.5458,global,Nume
RSIF,BZR,graph,0.625,local,Ipse
RSIF,BZR,graph,0.6229,local,Ipse
RSIF,BZR,graph,0.5625,local,Ipse
RSIF,BZR,graph,0.7542,local,Ipse
RSIF,BZR,graph,0.6604,local,Ipse
RSIF,BZR,graph,0.8479,local,Ipse
RSIF,BZR,graph,0.6396,local,Ipse
RSIF,BZR,graph,0.8292,local,Ipse
RSIF,BZR,graph,0.65,local,Ipse
RSIF,BZR,graph,0.5292,local,Ipse
RSIF,BZR,graph,0.5833,local,Port
RSIF,BZR,graph,0.5062,local,Port
RSIF,BZR,graph,0.625,local,Port
RSIF,BZR,graph,0.8292,local,Port
RSIF,BZR,graph,0.5208,local,Port
RSIF,BZR,graph,0.675,local,Port
RSIF,BZR,graph,0.725,local,Port
RSIF,BZR,graph,0.75,local,Port
RSIF,BZR,graph,0.4875,local,Port
RSIF,BZR,graph,0.5167,local,Port
RSIF,BZR,graph,0.5938,local,NetS
RSIF,BZR,graph,0.4896,local,NetS
RSIF,BZR,graph,0.4708,local,NetS
RSIF,BZR,graph,0.2812,local,NetS
RSIF,BZR,graph,0.6,local,NetS
RSIF,BZR,graph,0.4312,local,NetS
RSIF,BZR,graph,0.5167,local,NetS
RSIF,BZR,graph,0.5542,local,NetS
RSIF,BZR,graph,0.5708,local,NetS
RSIF,BZR,graph,0.6063,local,NetS
RSIF,BZR,graph,0.8708,local,Degr
RSIF,BZR,graph,0.7781,local,Degr
RSIF,BZR,graph,0.7385,local,Degr
RSIF,BZR,graph,0.6792,local,Degr
RSIF,BZR,graph,0.8146,local,Degr
RSIF,BZR,graph,0.7542,local,Degr
RSIF,BZR,graph,0.8542,local,Degr
RSIF,BZR,graph,0.8469,local,Degr
RSIF,BZR,graph,0.7917,local,Degr
RSIF,BZR,graph,0.8344,local,Degr
RSIF,BZR,graph,0.5396,local,NetL
RSIF,BZR,graph,0.6104,local,NetL
RSIF,BZR,graph,0.7,local,NetL
RSIF,BZR,graph,0.8771,local,NetL
RSIF,BZR,graph,0.6615,local,NetL
RSIF,BZR,graph,0.7323,local,NetL
RSIF,BZR,graph,0.801,local,NetL
RSIF,BZR,graph,0.726,local,NetL
RSIF,BZR,graph,0.5354,local,NetL
RSIF,BZR,graph,0.4938,local,NetL
RSIF,BZR,graph,0.5667,local,Nume
RSIF,BZR,graph,0.4688,local,Nume
RSIF,BZR,graph,0.6833,local,Nume
RSIF,BZR,graph,0.8896,local,Nume
RSIF,BZR,graph,0.6875,local,Nume
RSIF,BZR,graph,0.6333,local,Nume
RSIF,BZR,graph,0.8115,local,Nume
RSIF,BZR,graph,0.7938,local,Nume
RSIF,BZR,graph,0.5125,local,Nume
RSIF,BZR,graph,0.5563,local,Nume
RSIF,BZR,graph,0.6021,two_step,Ipse
RSIF,BZR,graph,0.6875,two_step,Ipse
RSIF,BZR,graph,0.5667,two_step,Ipse
RSIF,BZR,graph,0.8354,two_step,Ipse
RSIF,BZR,graph,0.6562,two_step,Ipse
RSIF,BZR,graph,0.8792,two_step,Ipse
RSIF,BZR,graph,0.5896,two_step,Ipse
RSIF,BZR,graph,0.7938,two_step,Ipse
RSIF,BZR,graph,0.5458,two_step,Ipse
RSIF,BZR,graph,0.5604,two_step,Ipse
RSIF,BZR,graph,0.4979,two_step,Port
RSIF,BZR,graph,0.5417,two_step,Port
RSIF,BZR,graph,0.4625,two_step,Port
RSIF,BZR,graph,0.8458,two_step,Port
RSIF,BZR,graph,0.6292,two_step,Port
RSIF,BZR,graph,0.6312,two_step,Port
RSIF,BZR,graph,0.575,two_step,Port
RSIF,BZR,graph,0.7229,two_step,Port
RSIF,BZR,graph,0.4604,two_step,Port
RSIF,BZR,graph,0.5938,two_step,Port
RSIF,BZR,graph,0.6646,two_step,NetS
RSIF,BZR,graph,0.5625,two_step,NetS
RSIF,BZR,graph,0.4188,two_step,NetS
RSIF,BZR,graph,0.3312,two_step,NetS
RSIF,BZR,graph,0.675,two_step,NetS
RSIF,BZR,graph,0.4917,two_step,NetS
RSIF,BZR,graph,0.6167,two_step,NetS
RSIF,BZR,graph,0.5083,two_step,NetS
RSIF,BZR,graph,0.5312,two_step,NetS
RSIF,BZR,graph,0.6458,two_step,NetS
RSIF,BZR,graph,0.8458,two_step,Degr
RSIF,BZR,graph,0.7927,two_step,Degr
RSIF,BZR,graph,0.751,two_step,Degr
RSIF,BZR,graph,0.6812,two_step,Degr
RSIF,BZR,graph,0.8542,two_step,Degr
RSIF,BZR,graph,0.8208,two_step,Degr
RSIF,BZR,graph,0.8729,two_step,Degr
RSIF,BZR,graph,0.8406,two_step,Degr
RSIF,BZR,graph,0.8354,two_step,Degr
RSIF,BZR,graph,0.8469,two_step,Degr
RSIF,BZR,graph,0.6063,two_step,NetL
RSIF,BZR,graph,0.6437,two_step,NetL
RSIF,BZR,graph,0.6938,two_step,NetL
RSIF,BZR,graph,0.8688,two_step,NetL
RSIF,BZR,graph,0.6802,two_step,NetL
RSIF,BZR,graph,0.6531,two_step,NetL
RSIF,BZR,graph,0.8083,two_step,NetL
RSIF,BZR,graph,0.6844,two_step,NetL
RSIF,BZR,graph,0.5208,two_step,NetL
RSIF,BZR,graph,0.525,two_step,NetL
RSIF,BZR,graph,0.625,two_step,Nume
RSIF,BZR,graph,0.5375,two_step,Nume
RSIF,BZR,graph,0.7583,two_step,Nume
RSIF,BZR,graph,0.8792,two_step,Nume
RSIF,BZR,graph,0.7542,two_step,Nume
RSIF,BZR,graph,0.6354,two_step,Nume
RSIF,BZR,graph,0.8938,two_step,Nume
RSIF,BZR,graph,0.6896,two_step,Nume
RSIF,BZR,graph,0.5396,two_step,Nume
RSIF,BZR,graph,0.5167,two_step,Nume
RSIF,DHFR,graph,0.5725,random,Ipse
RSIF,DHFR,graph,0.3063,random,Ipse
RSIF,DHFR,graph,0.3834,random,Ipse
RSIF,DHFR,graph,0.4789,random,Ipse
RSIF,DHFR,graph,0.1942,random,Ipse
RSIF,DHFR,graph,0.2867,random,Ipse
RSIF,DHFR,graph,0.4769,random,Ipse
RSIF,DHFR,graph,0.408,random,Ipse
RSIF,DHFR,graph,0.5735,random,Ipse
RSIF,DHFR,graph,0.5118,random,Ipse
RSIF,DHFR,graph,0.6233,random,Port
RSIF,DHFR,graph,0.3623,random,Port
RSIF,DHFR,graph,0.594,random,Port
RSIF,DHFR,graph,0.666,random,Port
RSIF,DHFR,graph,0.3777,random,Port
RSIF,DHFR,graph,0.5303,random,Port
RSIF,DHFR,graph,0.4897,random,Port
RSIF,DHFR,graph,0.4486,random,Port
RSIF,DHFR,graph,0.5277,random,Port
RSIF,DHFR,graph,0.6778,random,Port
RSIF,DHFR,graph,0.3571,random,NetS
RSIF,DHFR,graph,0.3217,random,NetS
RSIF,DHFR,graph,0.3803,random,NetS
RSIF,DHFR,graph,0.3489,random,NetS
RSIF,DHFR,graph,0.2636,random,NetS
RSIF,DHFR,graph,0.5293,random,NetS
RSIF,DHFR,graph,0.3047,random,NetS
RSIF,DHFR,graph,0.4594,random,NetS
RSIF,DHFR,graph,0.1942,random,NetS
RSIF,DHFR,graph,0.2359,random,NetS
RSIF,DHFR,graph,0.4789,random,Degr
RSIF,DHFR,graph,0.0781,random,Degr
RSIF,DHFR,graph,0.4008,random,Degr
RSIF,DHFR,graph,0.4466,random,Degr
RSIF,DHFR,graph,0.2061,random,Degr
RSIF,DHFR,graph,0.4897,random,Degr
RSIF,DHFR,graph,0.3165,random,Degr
RSIF,DHFR,graph,0.2724,random,Degr
RSIF,DHFR,graph,0.2795,random,Degr
RSIF,DHFR,graph,0.3777,random,Degr
RSIF,DHFR,graph,0.5704,random,NetL
RSIF,DHFR,graph,0.4815,random,NetL
RSIF,DHFR,graph,0.3905,random,NetL
RSIF,DHFR,graph,0.5231,random,NetL
RSIF,DHFR,graph,0.4219,random,NetL
RSIF,DHFR,graph,0.3638,random,NetL
RSIF,DHFR,graph,0.4753,random,NetL
RSIF,DHFR,graph,0.4085,random,NetL
RSIF,DHFR,graph,0.6326,random,NetL
RSIF,DHFR,graph,0.5853,random,NetL
RSIF,DHFR,graph,0.6675,random,Nume
RSIF,DHFR,graph,0.3356,random,Nume
RSIF,DHFR,graph,0.5242,random,Nume
RSIF,DHFR,graph,0.5797,random,Nume
RSIF,DHFR,graph,0.4003,random,Nume
RSIF,DHFR,graph,0.4985,random,Nume
RSIF,DHFR,graph,0.4615,random,Nume
RSIF,DHFR,graph,0.4527,random,Nume
RSIF,DHFR,graph,0.5504,random,Nume
RSIF,DHFR,graph,0.6953,random,Nume
RSIF,DHFR,graph,0.5118,global,Ipse
RSIF,DHFR,graph,0.3104,global,Ipse
RSIF,DHFR,graph,0.334,global,Ipse
RSIF,DHFR,graph,0.5252,global,Ipse
RSIF,DHFR,graph,0.2354,global,Ipse
RSIF,DHFR,graph,0.3022,global,Ipse
RSIF,DHFR,graph,0.4378,global,Ipse
RSIF,DHFR,graph,0.3464,global,Ipse
RSIF,DHFR,graph,0.4872,global,Ipse
RSIF,DHFR,graph,0.4882,global,Ipse
RSIF,DHFR,graph,0.6418,global,Port
RSIF,DHFR,graph,0.3921,global,Port
RSIF,DHFR,graph,0.5694,global,Port
RSIF,DHFR,graph,0.6351,global,Port
RSIF,DHFR,graph,0.3952,global,Port
RSIF,DHFR,graph,0.5468,global,Port
RSIF,DHFR,graph,0.5411,global,Port
RSIF,DHFR,graph,0.4229,global,Port
RSIF,DHFR,graph,0.5226,global,Port
RSIF,DHFR,graph,0.6398,global,Port
RSIF,DHFR,graph,0.3325,global,NetS
RSIF,DHFR,graph,0.2384,global,NetS
RSIF,DHFR,graph,0.4368,global,NetS
RSIF,DHFR,graph,0.2688,global,NetS
RSIF,DHFR,graph,0.2862,global,NetS
RSIF,DHFR,graph,0.5365,global,NetS
RSIF,DHFR,graph,0.276,global,NetS
RSIF,DHFR,graph,0.4748,global,NetS
RSIF,DHFR,graph,0.2066,global,NetS
RSIF,DHFR,graph,0.3088,global,NetS
RSIF,DHFR,graph,0.4224,global,Degr
RSIF,DHFR,graph,0.0874,global,Degr
RSIF,DHFR,graph,0.3392,global,Degr
RSIF,DHFR,graph,0.4342,global,Degr
RSIF,DHFR,graph,0.1906,global,Degr
RSIF,DHFR,graph,0.5288,global,Degr
RSIF,DHFR,graph,0.2847,global,Degr
RSIF,DHFR,graph,0.2754,global,Degr
RSIF,DHFR,graph,0.2569,global,Degr
RSIF,DHFR,graph,0.3695,global,Degr
RSIF,DHFR,graph,0.6161,global,NetL
RSIF,DHFR,graph,0.4342,global,NetL
RSIF,DHFR,graph,0.3695,global,NetL
RSIF,DHFR,graph,0.5211,global,NetL
RSIF,DHFR,graph,0.4034,global,NetL
RSIF,DHFR,graph,0.4388,global,NetL
RSIF,DHFR,graph,0.5396,global,NetL
RSIF,DHFR,graph,0.4332,global,NetL
RSIF,DHFR,graph,0.6331,global,NetL
RSIF,DHFR,graph,0.6264,global,NetL
RSIF,DHFR,graph,0.6521,global,Nume
RSIF,DHFR,graph,0.3983,global,Nume
RSIF,DHFR,graph,0.5817,global,Nume
RSIF,DHFR,graph,0.6064,global,Nume
RSIF,DHFR,graph,0.3808,global,Nume
RSIF,DHFR,graph,0.5077,global,Nume
RSIF,DHFR,graph,0.5385,global,Nume
RSIF,DHFR,graph,0.3921,global,Nume
RSIF,DHFR,graph,0.5545,global,Nume
RSIF,DHFR,graph,0.6028,global,Nume
RSIF,DHFR,graph,0.5283,local,Ipse
RSIF,DHFR,graph,0.2806,local,Ipse
RSIF,DHFR,graph,0.3977,local,Ipse
RSIF,DHFR,graph,0.5077,local,Ipse
RSIF,DHFR,graph,0.2189,local,Ipse
RSIF,DHFR,graph,0.3279,local,Ipse
RSIF,DHFR,graph,0.4738,local,Ipse
RSIF,DHFR,graph,0.3494,local,Ipse
RSIF,DHFR,graph,0.4543,local,Ipse
RSIF,DHFR,graph,0.4512,local,Ipse
RSIF,DHFR,graph,0.6418,local,Port
RSIF,DHFR,graph,0.3428,local,Port
RSIF,DHFR,graph,0.6362,local,Port
RSIF,DHFR,graph,0.6691,local,Port
RSIF,DHFR,graph,0.389,local,Port
RSIF,DHFR,graph,0.5211,local,Port
RSIF,DHFR,graph,0.5545,local,Port
RSIF,DHFR,graph,0.4373,local,Port
RSIF,DHFR,graph,0.537,local,Port
RSIF,DHFR,graph,0.6172,local,Port
RSIF,DHFR,graph,0.3726,local,NetS
RSIF,DHFR,graph,0.1973,local,NetS
RSIF,DHFR,graph,0.4275,local,NetS
RSIF,DHFR,graph,0.2061,local,NetS
RSIF,DHFR,graph,0.2924,local,NetS
RSIF,DHFR,graph,0.556,local,NetS
RSIF,DHFR,graph,0.2996,local,NetS
RSIF,DHFR,graph,0.4676,local,NetS
RSIF,DHFR,graph,0.2179,local,NetS
RSIF,DHFR,graph,0.2811,local,NetS
RSIF,DHFR,graph,0.4388,local,Degr
RSIF,DHFR,graph,0.1963,local,Degr
RSIF,DHFR,graph,0.4173,local,Degr
RSIF,DHFR,graph,0.4671,local,Degr
RSIF,DHFR,graph,0.1413,local,Degr
RSIF,DHFR,graph,0.5699,local,Degr
RSIF,DHFR,graph,0.296,local,Degr
RSIF,DHFR,graph,0.3299,local,Degr
RSIF,DHFR,graph,0.3258,local,Degr
RSIF,DHFR,graph,0.3726,local,Degr
RSIF,DHFR,graph,0.5694,local,NetL
RSIF,DHFR,graph,0.4466,local,NetL
RSIF,DHFR,graph,0.4656,local,NetL
RSIF,DHFR,graph,0.5252,local,NetL
RSIF,DHFR,graph,0.4193,local,NetL
RSIF,DHFR,graph,0.3875,local,NetL
RSIF,DHFR,graph,0.4645,local,NetL
RSIF,DHFR,graph,0.4517,local,NetL
RSIF,DHFR,graph,0.6562,local,NetL
RSIF,DHFR,graph,0.5406,local,NetL
RSIF,DHFR,graph,0.6305,local,Nume
RSIF,DHFR,graph,0.353,local,Nume
RSIF,DHFR,graph,0.592,local,Nume
RSIF,DHFR,graph,0.5868,local,Nume
RSIF,DHFR,graph,0.3715,local,Nume
RSIF,DHFR,graph,0.5447,local,Nume
RSIF,DHFR,graph,0.5041,local,Nume
RSIF,DHFR,graph,0.4291,local,Nume
RSIF,DHFR,graph,0.5041,local,Nume
RSIF,DHFR,graph,0.6161,local,Nume
RSIF,DHFR,graph,0.6351,two_step,Ipse
RSIF,DHFR,graph,0.3207,two_step,Ipse
RSIF,DHFR,graph,0.4142,two_step,Ipse
RSIF,DHFR,graph,0.481,two_step,Ipse
RSIF,DHFR,graph,0.2354,two_step,Ipse
RSIF,DHFR,graph,0.2888,two_step,Ipse
RSIF,DHFR,graph,0.4317,two_step,Ipse
RSIF,DHFR,graph,0.3988,two_step,Ipse
RSIF,DHFR,graph,0.4943,two_step,Ipse
RSIF,DHFR,graph,0.4615,two_step,Ipse
RSIF,DHFR,graph,0.6254,two_step,Port
RSIF,DHFR,graph,0.4147,two_step,Port
RSIF,DHFR,graph,0.5951,two_step,Port
RSIF,DHFR,graph,0.6218,two_step,Port
RSIF,DHFR,graph,0.4126,two_step,Port
RSIF,DHFR,graph,0.6023,two_step,Port
RSIF,DHFR,graph,0.5391,two_step,Port
RSIF,DHFR,graph,0.4609,two_step,Port
RSIF,DHFR,graph,0.5257,two_step,Port
RSIF,DHFR,graph,0.6583,two_step,Port
RSIF,DHFR,graph,0.3356,two_step,NetS
RSIF,DHFR,graph,0.2508,two_step,NetS
RSIF,DHFR,graph,0.3875,two_step,NetS
RSIF,DHFR,graph,0.2975,two_step,NetS
RSIF,DHFR,graph,0.2328,two_step,NetS
RSIF,DHFR,graph,0.5072,two_step,NetS
RSIF,DHFR,graph,0.2688,two_step,NetS
RSIF,DHFR,graph,0.48,two_step,NetS
RSIF,DHFR,graph,0.2518,two_step,NetS
RSIF,DHFR,graph,0.3058,two_step,NetS
RSIF,DHFR,graph,0.4604,two_step,Degr
RSIF,DHFR,graph,0.0935,two_step,Degr
RSIF,DHFR,graph,0.3607,two_step,Degr
RSIF,DHFR,graph,0.4414,two_step,Degr
RSIF,DHFR,graph,0.1917,two_step,Degr
RSIF,DHFR,graph,0.4897,two_step,Degr
RSIF,DHFR,graph,0.3011,two_step,Degr
RSIF,DHFR,graph,0.3032,two_step,Degr
RSIF,DHFR,graph,0.2826,two_step,Degr
RSIF,DHFR,graph,0.4106,two_step,Degr
RSIF,DHFR,graph,0.6131,two_step,NetL
RSIF,DHFR,graph,0.3941,two_step,NetL
RSIF,DHFR,graph,0.4137,two_step,NetL
RSIF,DHFR,graph,0.5951,two_step,NetL
RSIF,DHFR,graph,0.4003,two_step,NetL
RSIF,DHFR,graph,0.3731,two_step,NetL
RSIF,DHFR,graph,0.5206,two_step,NetL
RSIF,DHFR,graph,0.3941,two_step,NetL
RSIF,DHFR,graph,0.6346,two_step,NetL
RSIF,DHFR,graph,0.6197,two_step,NetL
RSIF,DHFR,graph,0.6747,two_step,Nume
RSIF,DHFR,graph,0.4168,two_step,Nume
RSIF,DHFR,graph,0.5663,two_step,Nume
RSIF,DHFR,graph,0.6043,two_step,Nume
RSIF,DHFR,graph,0.3273,two_step,Nume
RSIF,DHFR,graph,0.5293,two_step,Nume
RSIF,DHFR,graph,0.5031,two_step,Nume
RSIF,DHFR,graph,0.4404,two_step,Nume
RSIF,DHFR,graph,0.5329,two_step,Nume
RSIF,DHFR,graph,0.6583,two_step,Nume
RSIF,ad_nominal,binary,0.8087,random,LinD
RSIF,ad_nominal,binary,0.8013,random,LinD
RSIF,ad_nominal,binary,0.8479,random,LinD
RSIF,ad_nominal,binary,0.7761,random,LinD
RSIF,ad_nominal,binary,0.7898,random,LinD
RSIF,ad_nominal,binary,0.7898,random,LinD
RSIF,ad_nominal,binary,0.7971,random,LinD
RSIF,ad_nominal,binary,0.7961,random,LinD
RSIF,ad_nominal,binary,0.7979,random,LinD
RSIF,ad_nominal,binary,0.7762,random,LinD
RSIF,ad_nominal,binary,0.6562,random,Good
RSIF,ad_nominal,binary,0.5652,random,Good
RSIF,ad_nominal,binary,0.5934,random,Good
RSIF,ad_nominal,binary,0.5251,random,Good
RSIF,ad_nominal,binary,0.6775,random,Good
RSIF,ad_nominal,binary,0.4788,random,Good
RSIF,ad_nominal,binary,0.72,random,Good
RSIF,ad_nominal,binary,0.5473,random,Good
RSIF,ad_nominal,binary,0.5095,random,Good
RSIF,ad_nominal,binary,0.5864,random,Good
RSIF,ad_nominal,binary,0.6902,random,OFDi
RSIF,ad_nominal,binary,0.6934,random,OFDi
RSIF,ad_nominal,binary,0.7148,random,OFDi
RSIF,ad_nominal,binary,0.658,random,OFDi
RSIF,ad_nominal,binary,0.6928,random,OFDi
RSIF,ad_nominal,binary,0.6441,random,OFDi
RSIF,ad_nominal,binary,0.6971,random,OFDi
RSIF,ad_nominal,binary,0.6863,random,OFDi
RSIF,ad_nominal,binary,0.6817,random,OFDi
RSIF,ad_nominal,binary,0.6536,random,OFDi
RSIF,ad_nominal,binary,0.8156,global,LinD
RSIF,ad_nominal,binary,0.8096,global,LinD
RSIF,ad_nominal,binary,0.8455,global,LinD
RSIF,ad_nominal,binary,0.7871,global,LinD
RSIF,ad_nominal,binary,0.7889,global,LinD
RSIF,ad_nominal,binary,0.8071,global,LinD
RSIF,ad_nominal,binary,0.8219,global,LinD
RSIF,ad_nominal,binary,0.828,global,LinD
RSIF,ad_nominal,binary,0.838,global,LinD
RSIF,ad_nominal,binary,0.7714,global,LinD
RSIF,ad_nominal,binary,0.6699,global,Good
RSIF,ad_nominal,binary,0.6782,global,Good
RSIF,ad_nominal,binary,0.6847,global,Good
RSIF,ad_nominal,binary,0.6693,global,Good
RSIF,ad_nominal,binary,0.6707,global,Good
RSIF,ad_nominal,binary,0.6069,global,Good
RSIF,ad_nominal,binary,0.7067,global,Good
RSIF,ad_nominal,binary,0.6961,global,Good
RSIF,ad_nominal,binary,0.726,global,Good
RSIF,ad_nominal,binary,0.6429,global,Good
RSIF,ad_nominal,binary,0.6771,global,OFDi
RSIF,ad_nominal,binary,0.7069,global,OFDi
RSIF,ad_nominal,binary,0.6948,global,OFDi
RSIF,ad_nominal,binary,0.674,global,OFDi
RSIF,ad_nominal,binary,0.6983,global,OFDi
RSIF,ad_nominal,binary,0.6511,global,OFDi
RSIF,ad_nominal,binary,0.7188,global,OFDi
RSIF,ad_nominal,binary,0.6698,global,OFDi
RSIF,ad_nominal,binary,0.714,global,OFDi
RSIF,ad_nominal,binary,0.6762,global,OFDi
RSIF,ad_nominal,binary,0.7898,local,LinD
RSIF,ad_nominal,binary,0.8117,local,LinD
RSIF,ad_nominal,binary,0.8313,local,LinD
RSIF,ad_nominal,binary,0.7834,local,LinD
RSIF,ad_nominal,binary,0.7876,local,LinD
RSIF,ad_nominal,binary,0.8123,local,LinD
RSIF,ad_nominal,binary,0.8202,local,LinD
RSIF,ad_nominal,binary,0.8276,local,LinD
RSIF,ad_nominal,binary,0.8179,local,LinD
RSIF,ad_nominal,binary,0.765,local,LinD
RSIF,ad_nominal,binary,0.6064,local,Good
RSIF,ad_nominal,binary,0.5496,local,Good
RSIF,ad_nominal,binary,0.563,local,Good
RSIF,ad_nominal,binary,0.4723,local,Good
RSIF,ad_nominal,binary,0.6057,local,Good
RSIF,ad_nominal,binary,0.6378,local,Good
RSIF,ad_nominal,binary,0.6367,local,Good
RSIF,ad_nominal,binary,0.5356,local,Good
RSIF,ad_nominal,binary,0.5177,local,Good
RSIF,ad_nominal,binary,0.6171,local,Good
RSIF,ad_nominal,binary,0.7047,local,OFDi
RSIF,ad_nominal,binary,0.6994,local,OFDi
RSIF,ad_nominal,binary,0.6988,local,OFDi
RSIF,ad_nominal,binary,0.6826,local,OFDi
RSIF,ad_nominal,binary,0.6882,local,OFDi
RSIF,ad_nominal,binary,0.668,local,OFDi
RSIF,ad_nominal,binary,0.7295,local,OFDi
RSIF,ad_nominal,binary,0.686,local,OFDi
RSIF,ad_nominal,binary,0.6959,local,OFDi
RSIF,ad_nominal,binary,0.6773,local,OFDi
RSIF,ad_nominal,binary,0.8001,two_step,LinD
RSIF,ad_nominal,binary,0.8263,two_step,LinD
RSIF,ad_nominal,binary,0.8537,two_step,LinD
RSIF,ad_nominal,binary,0.7817,two_step,LinD
RSIF,ad_nominal,binary,0.8005,two_step,LinD
RSIF,ad_nominal,binary,0.8167,two_step,LinD
RSIF,ad_nominal,binary,0.8155,two_step,LinD
RSIF,ad_nominal,binary,0.8092,two_step,LinD
RSIF,ad_nominal,binary,0.804,two_step,LinD
RSIF,ad_nominal,binary,0.7674,two_step,LinD
RSIF,ad_nominal,binary,0.5203,two_step,Good
RSIF,ad_nominal,binary,0.5443,two_step,Good
RSIF,ad_nominal,binary,0.5768,two_step,Good
RSIF,ad_nominal,binary,0.5588,two_step,Good
RSIF,ad_nominal,binary,0.56,two_step,Good
RSIF,ad_nominal,binary,0.5296,two_step,Good
RSIF,ad_nominal,binary,0.6278,two_step,Good
RSIF,ad_nominal,binary,0.5779,two_step,Good
RSIF,ad_nominal,binary,0.6704,two_step,Good
RSIF,ad_nominal,binary,0.5531,two_step,Good
RSIF,ad_nominal,binary,0.68,two_step,OFDi
RSIF,ad_nominal,binary,0.6658,two_step,OFDi
RSIF,ad_nominal,binary,0.7047,two_step,OFDi
RSIF,ad_nominal,binary,0.6635,two_step,OFDi
RSIF,ad_nominal,binary,0.7015,two_step,OFDi
RSIF,ad_nominal,binary,0.6497,two_step,OFDi
RSIF,ad_nominal,binary,0.6995,two_step,OFDi
RSIF,ad_nominal,binary,0.6878,two_step,OFDi
RSIF,ad_nominal,binary,0.7047,two_step,OFDi
RSIF,ad_nominal,binary,0.6829,two_step,OFDi
RSIF,TwoLeadECG,timeseries,0.767,random,DTWD
RSIF,TwoLeadECG,timeseries,0.9289,random,DTWD
RSIF,TwoLeadECG,timeseries,0.6489,random,DTWD
RSIF,TwoLeadECG,timeseries,0.8165,random,DTWD
RSIF,TwoLeadECG,timeseries,0.6698,random,DTWD
RSIF,TwoLeadECG,timeseries,0.7898,random,DTWD
RSIF,TwoLeadECG,timeseries,0.7898,random,DTWD
RSIF,TwoLeadECG,timeseries,0.7479,random,DTWD
RSIF,TwoLeadECG,timeseries,0.7651,random,DTWD
RSIF,TwoLeadECG,timeseries,0.7168,random,DTWD
RSIF,TwoLeadECG,timeseries,0.8222,random,Manh
RSIF,TwoLeadECG,timeseries,0.7105,random,Manh
RSIF,TwoLeadECG,timeseries,0.5562,random,Manh
RSIF,TwoLeadECG,timeseries,0.6565,random,Manh
RSIF,TwoLeadECG,timeseries,0.4514,random,Manh
RSIF,TwoLeadECG,timeseries,0.7098,random,Manh
RSIF,TwoLeadECG,timeseries,0.5517,random,Manh
RSIF,TwoLeadECG,timeseries,0.5663,random,Manh
RSIF,TwoLeadECG,timeseries,0.5429,random,Manh
RSIF,TwoLeadECG,timeseries,0.466,random,Manh
RSIF,TwoLeadECG,timeseries,0.8184,random,Eucl
RSIF,TwoLeadECG,timeseries,0.7184,random,Eucl
RSIF,TwoLeadECG,timeseries,0.6689,random,Eucl
RSIF,TwoLeadECG,timeseries,0.6733,random,Eucl
RSIF,TwoLeadECG,timeseries,0.6187,random,Eucl
RSIF,TwoLeadECG,timeseries,0.753,random,Eucl
RSIF,TwoLeadECG,timeseries,0.4727,random,Eucl
RSIF,TwoLeadECG,timeseries,0.6105,random,Eucl
RSIF,TwoLeadECG,timeseries,0.5549,random,Eucl
RSIF,TwoLeadECG,timeseries,0.7559,random,Eucl
RSIF,TwoLeadECG,timeseries,0.8571,random,Cosi
RSIF,TwoLeadECG,timeseries,0.7651,random,Cosi
RSIF,TwoLeadECG,timeseries,0.6965,random,Cosi
RSIF,TwoLeadECG,timeseries,0.8108,random,Cosi
RSIF,TwoLeadECG,timeseries,0.6451,random,Cosi
RSIF,TwoLeadECG,timeseries,0.7397,random,Cosi
RSIF,TwoLeadECG,timeseries,0.6571,random,Cosi
RSIF,TwoLeadECG,timeseries,0.7486,random,Cosi
RSIF,TwoLeadECG,timeseries,0.6559,random,Cosi
RSIF,TwoLeadECG,timeseries,0.5359,random,Cosi
RSIF,TwoLeadECG,timeseries,0.8108,random,Cheb
RSIF,TwoLeadECG,timeseries,0.3371,random,Cheb
RSIF,TwoLeadECG,timeseries,0.5587,random,Cheb
RSIF,TwoLeadECG,timeseries,0.6095,random,Cheb
RSIF,TwoLeadECG,timeseries,0.546,random,Cheb
RSIF,TwoLeadECG,timeseries,0.6432,random,Cheb
RSIF,TwoLeadECG,timeseries,0.4717,random,Cheb
RSIF,TwoLeadECG,timeseries,0.6978,random,Cheb
RSIF,TwoLeadECG,timeseries,0.586,random,Cheb
RSIF,TwoLeadECG,timeseries,0.4781,random,Cheb
RSIF,TwoLeadECG,timeseries,0.7429,global,DTWD
RSIF,TwoLeadECG,timeseries,0.9067,global,DTWD
RSIF,TwoLeadECG,timeseries,0.6775,global,DTWD
RSIF,TwoLeadECG,timeseries,0.7905,global,DTWD
RSIF,TwoLeadECG,timeseries,0.6133,global,DTWD
RSIF,TwoLeadECG,timeseries,0.8044,global,DTWD
RSIF,TwoLeadECG,timeseries,0.859,global,DTWD
RSIF,TwoLeadECG,timeseries,0.786,global,DTWD
RSIF,TwoLeadECG,timeseries,0.7244,global,DTWD
RSIF,TwoLeadECG,timeseries,0.68,global,DTWD
RSIF,TwoLeadECG,timeseries,0.8222,global,Manh
RSIF,TwoLeadECG,timeseries,0.6883,global,Manh
RSIF,TwoLeadECG,timeseries,0.5257,global,Manh
RSIF,TwoLeadECG,timeseries,0.6819,global,Manh
RSIF,TwoLeadECG,timeseries,0.461,global,Manh
RSIF,TwoLeadECG,timeseries,0.6571,global,Manh
RSIF,TwoLeadECG,timeseries,0.5746,global,Manh
RSIF,TwoLeadECG,timeseries,0.553,global,Manh
RSIF,TwoLeadECG,timeseries,0.5562,global,Manh
RSIF,TwoLeadECG,timeseries,0.4508,global,Manh
RSIF,TwoLeadECG,timeseries,0.8197,global,Eucl
RSIF,TwoLeadECG,timeseries,0.7219,global,Eucl
RSIF,TwoLeadECG,timeseries,0.6679,global,Eucl
RSIF,TwoLeadECG,timeseries,0.819,global,Eucl
RSIF,TwoLeadECG,timeseries,0.6022,global,Eucl
RSIF,TwoLeadECG,timeseries,0.8241,global,Eucl
RSIF,TwoLeadECG,timeseries,0.5397,global,Eucl
RSIF,TwoLeadECG,timeseries,0.7162,global,Eucl
RSIF,TwoLeadECG,timeseries,0.5724,global,Eucl
RSIF,TwoLeadECG,timeseries,0.6092,global,Eucl
RSIF,TwoLeadECG,timeseries,0.8679,global,Cosi
RSIF,TwoLeadECG,timeseries,0.7238,global,Cosi
RSIF,TwoLeadECG,timeseries,0.6622,global,Cosi
RSIF,TwoLeadECG,timeseries,0.7416,global,Cosi
RSIF,TwoLeadECG,timeseries,0.574,global,Cosi
RSIF,TwoLeadECG,timeseries,0.7314,global,Cosi
RSIF,TwoLeadECG,timeseries,0.6527,global,Cosi
RSIF,TwoLeadECG,timeseries,0.6794,global,Cosi
RSIF,TwoLeadECG,timeseries,0.6197,global,Cosi
RSIF,TwoLeadECG,timeseries,0.5371,global,Cosi
RSIF,TwoLeadECG,timeseries,0.6076,global,Cheb
RSIF,TwoLeadECG,timeseries,0.4844,global,Cheb
RSIF,TwoLeadECG,timeseries,0.6286,global,Cheb
RSIF,TwoLeadECG,timeseries,0.6394,global,Cheb
RSIF,TwoLeadECG,timeseries,0.5397,global,Cheb
RSIF,TwoLeadECG,timeseries,0.5625,global,Cheb
RSIF,TwoLeadECG,timeseries,0.3079,global,Cheb
RSIF,TwoLeadECG,timeseries,0.607,global,Cheb
RSIF,TwoLeadECG,timeseries,0.5117,global,Cheb
RSIF,TwoLeadECG,timeseries,0.567,global,Cheb
RSIF,TwoLeadECG,timeseries,0.7422,local,DTWD
RSIF,TwoLeadECG,timeseries,0.9168,local,DTWD
RSIF,TwoLeadECG,timeseries,0.6781,local,DTWD
RSIF,TwoLeadECG,timeseries,0.7816,local,DTWD
RSIF,TwoLeadECG,timeseries,0.7283,local,DTWD
RSIF,TwoLeadECG,timeseries,0.774,local,DTWD
RSIF,TwoLeadECG,timeseries,0.8305,local,DTWD
RSIF,TwoLeadECG,timeseries,0.7873,local,DTWD
RSIF,TwoLeadECG,timeseries,0.7238,local,DTWD
RSIF,TwoLeadECG,timeseries,0.6883,local,DTWD
RSIF,TwoLeadECG,timeseries,0.7625,local,Manh
RSIF,TwoLeadECG,timeseries,0.6495,local,Manh
RSIF,TwoLeadECG,timeseries,0.5733,local,Manh
RSIF,TwoLeadECG,timeseries,0.6152,local,Manh
RSIF,TwoLeadECG,timeseries,0.5352,local,Manh
RSIF,TwoLeadECG,timeseries,0.661,local,Manh
RSIF,TwoLeadECG,timeseries,0.5435,local,Manh
RSIF,TwoLeadECG,timeseries,0.5841,local,Manh
RSIF,TwoLeadECG,timeseries,0.5492,local,Manh
RSIF,TwoLeadECG,timeseries,0.4597,local,Manh
RSIF,TwoLeadECG,timeseries,0.8302,local,Eucl
RSIF,TwoLeadECG,timeseries,0.6546,local,Eucl
RSIF,TwoLeadECG,timeseries,0.6451,local,Eucl
RSIF,TwoLeadECG,timeseries,0.5368,local,Eucl
RSIF,TwoLeadECG,timeseries,0.5965,local,Eucl
RSIF,TwoLeadECG,timeseries,0.8489,local,Eucl
RSIF,TwoLeadECG,timeseries,0.7451,local,Eucl
RSIF,TwoLeadECG,timeseries,0.5943,local,Eucl
RSIF,TwoLeadECG,timeseries,0.3832,local,Eucl
RSIF,TwoLeadECG,timeseries,0.5667,local,Eucl
RSIF,TwoLeadECG,timeseries,0.8673,local,Cosi
RSIF,TwoLeadECG,timeseries,0.7111,local,Cosi
RSIF,TwoLeadECG,timeseries,0.6552,local,Cosi
RSIF,TwoLeadECG,timeseries,0.7765,local,Cosi
RSIF,TwoLeadECG,timeseries,0.5803,local,Cosi
RSIF,TwoLeadECG,timeseries,0.7511,local,Cosi
RSIF,TwoLeadECG,timeseries,0.6857,local,Cosi
RSIF,TwoLeadECG,timeseries,0.6883,local,Cosi
RSIF,TwoLeadECG,timeseries,0.6667,local,Cosi
RSIF,TwoLeadECG,timeseries,0.527,local,Cosi
RSIF,TwoLeadECG,timeseries,0.7289,local,Cheb
RSIF,TwoLeadECG,timeseries,0.4298,local,Cheb
RSIF,TwoLeadECG,timeseries,0.6184,local,Cheb
RSIF,TwoLeadECG,timeseries,0.5302,local,Cheb
RSIF,TwoLeadECG,timeseries,0.4686,local,Cheb
RSIF,TwoLeadECG,timeseries,0.546,local,Cheb
RSIF,TwoLeadECG,timeseries,0.5124,local,Cheb
RSIF,TwoLeadECG,timeseries,0.5111,local,Cheb
RSIF,TwoLeadECG,timeseries,0.5257,local,Cheb
RSIF,TwoLeadECG,timeseries,0.5022,local,Cheb
RSIF,TwoLeadECG,timeseries,0.7943,two_step,DTWD
RSIF,TwoLeadECG,timeseries,0.913,two_step,DTWD
RSIF,TwoLeadECG,timeseries,0.6184,two_step,DTWD
RSIF,TwoLeadECG,timeseries,0.8197,two_step,DTWD
RSIF,TwoLeadECG,timeseries,0.6533,two_step,DTWD
RSIF,TwoLeadECG,timeseries,0.8235,two_step,DTWD
RSIF,TwoLeadECG,timeseries,0.8495,two_step,DTWD
RSIF,TwoLeadECG,timeseries,0.786,two_step,DTWD
RSIF,TwoLeadECG,timeseries,0.6959,two_step,DTWD
RSIF,TwoLeadECG,timeseries,0.5644,two_step,DTWD
RSIF,TwoLeadECG,timeseries,0.7911,two_step,Manh
RSIF,TwoLeadECG,timeseries,0.6375,two_step,Manh
RSIF,TwoLeadECG,timeseries,0.5924,two_step,Manh
RSIF,TwoLeadECG,timeseries,0.6527,two_step,Manh
RSIF,TwoLeadECG,timeseries,0.5162,two_step,Manh
RSIF,TwoLeadECG,timeseries,0.64,two_step,Manh
RSIF,TwoLeadECG,timeseries,0.5435,two_step,Manh
RSIF,TwoLeadECG,timeseries,0.574,two_step,Manh
RSIF,TwoLeadECG,timeseries,0.5181,two_step,Manh
RSIF,TwoLeadECG,timeseries,0.4654,two_step,Manh
RSIF,TwoLeadECG,timeseries,0.674,two_step,Eucl
RSIF,TwoLeadECG,timeseries,0.8537,two_step,Eucl
RSIF,TwoLeadECG,timeseries,0.506,two_step,Eucl
RSIF,TwoLeadECG,timeseries,0.7552,two_step,Eucl
RSIF,TwoLeadECG,timeseries,0.6508,two_step,Eucl
RSIF,TwoLeadECG,timeseries,0.5508,two_step,Eucl
RSIF,TwoLeadECG,timeseries,0.7883,two_step,Eucl
RSIF,TwoLeadECG,timeseries,0.8184,two_step,Eucl
RSIF,TwoLeadECG,timeseries,0.6083,two_step,Eucl
RSIF,TwoLeadECG,timeseries,0.6781,two_step,Eucl
RSIF,TwoLeadECG,timeseries,0.8552,two_step,Cosi
RSIF,TwoLeadECG,timeseries,0.7321,two_step,Cosi
RSIF,TwoLeadECG,timeseries,0.6514,two_step,Cosi
RSIF,TwoLeadECG,timeseries,0.7524,two_step,Cosi
RSIF,TwoLeadECG,timeseries,0.5911,two_step,Cosi
RSIF,TwoLeadECG,timeseries,0.7314,two_step,Cosi
RSIF,TwoLeadECG,timeseries,0.654,two_step,Cosi
RSIF,TwoLeadECG,timeseries,0.6692,two_step,Cosi
RSIF,TwoLeadECG,timeseries,0.6705,two_step,Cosi
RSIF,TwoLeadECG,timeseries,0.5511,two_step,Cosi
RSIF,TwoLeadECG,timeseries,0.6254,two_step,Cheb
RSIF,TwoLeadECG,timeseries,0.4863,two_step,Cheb
RSIF,TwoLeadECG,timeseries,0.6184,two_step,Cheb
RSIF,TwoLeadECG,timeseries,0.5327,two_step,Cheb
RSIF,TwoLeadECG,timeseries,0.5479,two_step,Cheb
RSIF,TwoLeadECG,timeseries,0.5702,two_step,Cheb
RSIF,TwoLeadECG,timeseries,0.4508,two_step,Cheb
RSIF,TwoLeadECG,timeseries,0.6337,two_step,Cheb
RSIF,TwoLeadECG,timeseries,0.6317,two_step,Cheb
RSIF,TwoLeadECG,timeseries,0.5492,two_step,Cheb
RSIF,agnews_1,nlp,0.4925,random,Manh
RSIF,agnews_1,nlp,0.5344,random,Manh
RSIF,agnews_1,nlp,0.464,random,Manh
RSIF,agnews_1,nlp,0.5381,random,Manh
RSIF,agnews_1,nlp,0.5443,random,Manh
RSIF,agnews_1,nlp,0.4626,random,Manh
RSIF,agnews_1,nlp,0.4979,random,Manh
RSIF,agnews_1,nlp,0.5224,random,Manh
RSIF,agnews_1,nlp,0.5687,random,Manh
RSIF,agnews_1,nlp,0.508,random,Manh
RSIF,agnews_1,nlp,0.5417,random,Eucl
RSIF,agnews_1,nlp,0.5575,random,Eucl
RSIF,agnews_1,nlp,0.5345,random,Eucl
RSIF,agnews_1,nlp,0.5444,random,Eucl
RSIF,agnews_1,nlp,0.5729,random,Eucl
RSIF,agnews_1,nlp,0.5036,random,Eucl
RSIF,agnews_1,nlp,0.5409,random,Eucl
RSIF,agnews_1,nlp,0.5584,random,Eucl
RSIF,agnews_1,nlp,0.5778,random,Eucl
RSIF,agnews_1,nlp,0.5416,random,Eucl
RSIF,agnews_1,nlp,0.2824,random,Cosi
RSIF,agnews_1,nlp,0.3007,random,Cosi
RSIF,agnews_1,nlp,0.3019,random,Cosi
RSIF,agnews_1,nlp,0.3622,random,Cosi
RSIF,agnews_1,nlp,0.3301,random,Cosi
RSIF,agnews_1,nlp,0.2719,random,Cosi
RSIF,agnews_1,nlp,0.324,random,Cosi
RSIF,agnews_1,nlp,0.3147,random,Cosi
RSIF,agnews_1,nlp,0.2862,random,Cosi
RSIF,agnews_1,nlp,0.306,random,Cosi
RSIF,agnews_1,nlp,0.6512,random,Cheb
RSIF,agnews_1,nlp,0.6284,random,Cheb
RSIF,agnews_1,nlp,0.6637,random,Cheb
RSIF,agnews_1,nlp,0.6096,random,Cheb
RSIF,agnews_1,nlp,0.6441,random,Cheb
RSIF,agnews_1,nlp,0.6672,random,Cheb
RSIF,agnews_1,nlp,0.6432,random,Cheb
RSIF,agnews_1,nlp,0.6514,random,Cheb
RSIF,agnews_1,nlp,0.633,random,Cheb
RSIF,agnews_1,nlp,0.619,random,Cheb
RSIF,agnews_1,nlp,0.4903,global,Manh
RSIF,agnews_1,nlp,0.5441,global,Manh
RSIF,agnews_1,nlp,0.4947,global,Manh
RSIF,agnews_1,nlp,0.5832,global,Manh
RSIF,agnews_1,nlp,0.5298,global,Manh
RSIF,agnews_1,nlp,0.5178,global,Manh
RSIF,agnews_1,nlp,0.5427,global,Manh
RSIF,agnews_1,nlp,0.5037,global,Manh
RSIF,agnews_1,nlp,0.5646,global,Manh
RSIF,agnews_1,nlp,0.546,global,Manh
RSIF,agnews_1,nlp,0.5152,global,Eucl
RSIF,agnews_1,nlp,0.5899,global,Eucl
RSIF,agnews_1,nlp,0.5191,global,Eucl
RSIF,agnews_1,nlp,0.6215,global,Eucl
RSIF,agnews_1,nlp,0.5953,global,Eucl
RSIF,agnews_1,nlp,0.5527,global,Eucl
RSIF,agnews_1,nlp,0.5765,global,Eucl
RSIF,agnews_1,nlp,0.5329,global,Eucl
RSIF,agnews_1,nlp,0.5728,global,Eucl
RSIF,agnews_1,nlp,0.5318,global,Eucl
RSIF,agnews_1,nlp,0.2566,global,Cosi
RSIF,agnews_1,nlp,0.2926,global,Cosi
RSIF,agnews_1,nlp,0.2874,global,Cosi
RSIF,agnews_1,nlp,0.3421,global,Cosi
RSIF,agnews_1,nlp,0.3328,global,Cosi
RSIF,agnews_1,nlp,0.2688,global,Cosi
RSIF,agnews_1,nlp,0.3412,global,Cosi
RSIF,agnews_1,nlp,0.2798,global,Cosi
RSIF,agnews_1,nlp,0.3095,global,Cosi
RSIF,agnews_1,nlp,0.3184,global,Cosi
RSIF,agnews_1,nlp,0.6565,global,Cheb
RSIF,agnews_1,nlp,0.6414,global,Cheb
RSIF,agnews_1,nlp,0.6548,global,Cheb
RSIF,agnews_1,nlp,0.6742,global,Cheb
RSIF,agnews_1,nlp,0.6785,global,Cheb
RSIF,agnews_1,nlp,0.5961,global,Cheb
RSIF,agnews_1,nlp,0.6768,global,Cheb
RSIF,agnews_1,nlp,0.6518,global,Cheb
RSIF,agnews_1,nlp,0.6891,global,Cheb
RSIF,agnews_1,nlp,0.6538,global,Cheb
RSIF,agnews_1,nlp,0.4967,local,Manh
RSIF,agnews_1,nlp,0.551,local,Manh
RSIF,agnews_1,nlp,0.4839,local,Manh
RSIF,agnews_1,nlp,0.5666,local,Manh
RSIF,agnews_1,nlp,0.573,local,Manh
RSIF,agnews_1,nlp,0.5119,local,Manh
RSIF,agnews_1,nlp,0.5667,local,Manh
RSIF,agnews_1,nlp,0.5177,local,Manh
RSIF,agnews_1,nlp,0.5447,local,Manh
RSIF,agnews_1,nlp,0.5206,local,Manh
RSIF,agnews_1,nlp,0.5396,local,Eucl
RSIF,agnews_1,nlp,0.5213,local,Eucl
RSIF,agnews_1,nlp,0.5612,local,Eucl
RSIF,agnews_1,nlp,0.588,local,Eucl
RSIF,agnews_1,nlp,0.5901,local,Eucl
RSIF,agnews_1,nlp,0.5388,local,Eucl
RSIF,agnews_1,nlp,0.567,local,Eucl
RSIF,agnews_1,nlp,0.5438,local,Eucl
RSIF,agnews_1,nlp,0.5632,local,Eucl
RSIF,agnews_1,nlp,0.5314,local,Eucl
RSIF,agnews_1,nlp,0.272,local,Cosi
RSIF,agnews_1,nlp,0.2621,local,Cosi
RSIF,agnews_1,nlp,0.3016,local,Cosi
RSIF,agnews_1,nlp,0.3617,local,Cosi
RSIF,agnews_1,nlp,0.3521,local,Cosi
RSIF,agnews_1,nlp,0.2668,local,Cosi
RSIF,agnews_1,nlp,0.3361,local,Cosi
RSIF,agnews_1,nlp,0.2858,local,Cosi
RSIF,agnews_1,nlp,0.3032,local,Cosi
RSIF,agnews_1,nlp,0.3288,local,Cosi
RSIF,agnews_1,nlp,0.6764,local,Cheb
RSIF,agnews_1,nlp,0.6233,local,Cheb
RSIF,agnews_1,nlp,0.6274,local,Cheb
RSIF,agnews_1,nlp,0.6008,local,Cheb
RSIF,agnews_1,nlp,0.6638,local,Cheb
RSIF,agnews_1,nlp,0.6273,local,Cheb
RSIF,agnews_1,nlp,0.6258,local,Cheb
RSIF,agnews_1,nlp,0.6308,local,Cheb
RSIF,agnews_1,nlp,0.6409,local,Cheb
RSIF,agnews_1,nlp,0.6809,local,Cheb
RSIF,agnews_1,nlp,0.553,two_step,Manh
RSIF,agnews_1,nlp,0.5136,two_step,Manh
RSIF,agnews_1,nlp,0.5342,two_step,Manh
RSIF,agnews_1,nlp,0.5691,two_step,Manh
RSIF,agnews_1,nlp,0.5716,two_step,Manh
RSIF,agnews_1,nlp,0.497,two_step,Manh
RSIF,agnews_1,nlp,0.5384,two_step,Manh
RSIF,agnews_1,nlp,0.5425,two_step,Manh
RSIF,agnews_1,nlp,0.5586,two_step,Manh
RSIF,agnews_1,nlp,0.5726,two_step,Manh
RSIF,agnews_1,nlp,0.4953,two_step,Eucl
RSIF,agnews_1,nlp,0.5462,two_step,Eucl
RSIF,agnews_1,nlp,0.5329,two_step,Eucl
RSIF,agnews_1,nlp,0.6102,two_step,Eucl
RSIF,agnews_1,nlp,0.5905,two_step,Eucl
RSIF,agnews_1,nlp,0.5705,two_step,Eucl
RSIF,agnews_1,nlp,0.6021,two_step,Eucl
RSIF,agnews_1,nlp,0.5243,two_step,Eucl
RSIF,agnews_1,nlp,0.5975,two_step,Eucl
RSIF,agnews_1,nlp,0.5897,two_step,Eucl
RSIF,agnews_1,nlp,0.2754,two_step,Cosi
RSIF,agnews_1,nlp,0.2872,two_step,Cosi
RSIF,agnews_1,nlp,0.2906,two_step,Cosi
RSIF,agnews_1,nlp,0.3242,two_step,Cosi
RSIF,agnews_1,nlp,0.3543,two_step,Cosi
RSIF,agnews_1,nlp,0.2752,two_step,Cosi
RSIF,agnews_1,nlp,0.3138,two_step,Cosi
RSIF,agnews_1,nlp,0.2876,two_step,Cosi
RSIF,agnews_1,nlp,0.2921,two_step,Cosi
RSIF,agnews_1,nlp,0.3247,two_step,Cosi
RSIF,agnews_1,nlp,0.6303,two_step,Cheb
RSIF,agnews_1,nlp,0.6231,two_step,Cheb
RSIF,agnews_1,nlp,0.6814,two_step,Cheb
RSIF,agnews_1,nlp,0.6279,two_step,Cheb
RSIF,agnews_1,nlp,0.7053,two_step,Cheb
RSIF,agnews_1,nlp,0.5787,two_step,Cheb
RSIF,agnews_1,nlp,0.7021,two_step,Cheb
RSIF,agnews_1,nlp,0.6348,two_step,Cheb
RSIF,agnews_1,nlp,0.6109,two_step,Cheb
RSIF,agnews_1,nlp,0.6228,two_step,Cheb
