clf,dataset_name,dataset_type,auc,n_estimators
RISF,21_Lymphography,numerical,0.5465,1
RISF,21_Lymphography,numerical,0.8547,1
RISF,21_Lymphography,numerical,0.9767,1
RISF,21_Lymphography,numerical,0.7558,1
RISF,21_Lymphography,numerical,0.5,1
RISF,21_Lymphography,numerical,0.9186,5
RISF,21_Lymphography,numerical,0.7093,5
RISF,21_Lymphography,numerical,0.9651,5
RISF,21_Lymphography,numerical,0.9709,5
RISF,21_Lymphography,numerical,0.843,5
RISF,21_Lymphography,numerical,0.9884,10
RISF,21_Lymphography,numerical,0.9651,10
RISF,21_Lymphography,numerical,0.8721,10
RISF,21_Lymphography,numerical,0.9767,10
RISF,21_Lymphography,numerical,0.9651,10
RISF,21_Lymphography,numerical,0.9884,25
RISF,21_Lymphography,numerical,0.9884,25
RISF,21_Lymphography,numerical,0.9884,25
RISF,21_Lymphography,numerical,1.0,25
RISF,21_Lymphography,numerical,1.0,25
RISF,21_Lymphography,numerical,0.9884,50
RISF,21_Lymphography,numerical,0.9651,50
RISF,21_Lymphography,numerical,0.9884,50
RISF,21_Lymphography,numerical,0.9884,50
RISF,21_Lymphography,numerical,1.0,50
RISF,21_Lymphography,numerical,1.0,100
RISF,21_Lymphography,numerical,0.9767,100
RISF,21_Lymphography,numerical,0.9884,100
RISF,21_Lymphography,numerical,0.9767,100
RISF,21_Lymphography,numerical,1.0,100
RISF,21_Lymphography,numerical,1.0,200
RISF,21_Lymphography,numerical,1.0,200
RISF,21_Lymphography,numerical,1.0,200
RISF,21_Lymphography,numerical,0.9767,200
RISF,21_Lymphography,numerical,1.0,200
RISF,21_Lymphography,numerical,1.0,300
RISF,21_Lymphography,numerical,1.0,300
RISF,21_Lymphography,numerical,1.0,300
RISF,21_Lymphography,numerical,0.9767,300
RISF,21_Lymphography,numerical,1.0,300
RISF,36_speech,numerical,0.5359,1
RISF,36_speech,numerical,0.4558,1
RISF,36_speech,numerical,0.4915,1
RISF,36_speech,numerical,0.4585,1
RISF,36_speech,numerical,0.5185,1
RISF,36_speech,numerical,0.4576,5
RISF,36_speech,numerical,0.4917,5
RISF,36_speech,numerical,0.4705,5
RISF,36_speech,numerical,0.5055,5
RISF,36_speech,numerical,0.4783,5
RISF,36_speech,numerical,0.4319,10
RISF,36_speech,numerical,0.5289,10
RISF,36_speech,numerical,0.4289,10
RISF,36_speech,numerical,0.4762,10
RISF,36_speech,numerical,0.4427,10
RISF,36_speech,numerical,0.4078,25
RISF,36_speech,numerical,0.4923,25
RISF,36_speech,numerical,0.4816,25
RISF,36_speech,numerical,0.4632,25
RISF,36_speech,numerical,0.3899,25
RISF,36_speech,numerical,0.3889,50
RISF,36_speech,numerical,0.5067,50
RISF,36_speech,numerical,0.441,50
RISF,36_speech,numerical,0.4679,50
RISF,36_speech,numerical,0.3749,50
RISF,36_speech,numerical,0.4199,100
RISF,36_speech,numerical,0.5093,100
RISF,36_speech,numerical,0.4649,100
RISF,36_speech,numerical,0.4294,100
RISF,36_speech,numerical,0.3862,100
RISF,36_speech,numerical,0.4319,200
RISF,36_speech,numerical,0.5053,200
RISF,36_speech,numerical,0.4004,200
RISF,36_speech,numerical,0.4252,200
RISF,36_speech,numerical,0.3694,200
RISF,36_speech,numerical,0.4561,300
RISF,36_speech,numerical,0.5126,300
RISF,36_speech,numerical,0.4049,300
RISF,36_speech,numerical,0.4355,300
RISF,36_speech,numerical,0.3568,300
RISF,6_cardio,numerical,0.5537,1
RISF,6_cardio,numerical,0.7594,1
RISF,6_cardio,numerical,0.6298,1
RISF,6_cardio,numerical,0.8001,1
RISF,6_cardio,numerical,0.6166,1
RISF,6_cardio,numerical,0.8539,5
RISF,6_cardio,numerical,0.8965,5
RISF,6_cardio,numerical,0.7892,5
RISF,6_cardio,numerical,0.7671,5
RISF,6_cardio,numerical,0.7889,5
RISF,6_cardio,numerical,0.8986,10
RISF,6_cardio,numerical,0.9273,10
RISF,6_cardio,numerical,0.8313,10
RISF,6_cardio,numerical,0.8771,10
RISF,6_cardio,numerical,0.8697,10
RISF,6_cardio,numerical,0.8918,25
RISF,6_cardio,numerical,0.9398,25
RISF,6_cardio,numerical,0.8703,25
RISF,6_cardio,numerical,0.9232,25
RISF,6_cardio,numerical,0.9221,25
RISF,6_cardio,numerical,0.8969,50
RISF,6_cardio,numerical,0.9486,50
RISF,6_cardio,numerical,0.9024,50
RISF,6_cardio,numerical,0.9127,50
RISF,6_cardio,numerical,0.9089,50
RISF,6_cardio,numerical,0.9182,100
RISF,6_cardio,numerical,0.9509,100
RISF,6_cardio,numerical,0.9165,100
RISF,6_cardio,numerical,0.9366,100
RISF,6_cardio,numerical,0.9394,100
RISF,6_cardio,numerical,0.9368,200
RISF,6_cardio,numerical,0.9317,200
RISF,6_cardio,numerical,0.9061,200
RISF,6_cardio,numerical,0.9441,200
RISF,6_cardio,numerical,0.943,200
RISF,6_cardio,numerical,0.9402,300
RISF,6_cardio,numerical,0.9287,300
RISF,6_cardio,numerical,0.9059,300
RISF,6_cardio,numerical,0.9338,300
RISF,6_cardio,numerical,0.944,300
RISF,26_optdigits,numerical,0.5,1
RISF,26_optdigits,numerical,0.5,1
RISF,26_optdigits,numerical,0.5,1
RISF,26_optdigits,numerical,0.5,1
RISF,26_optdigits,numerical,0.5,1
RISF,26_optdigits,numerical,0.5323,5
RISF,26_optdigits,numerical,0.7127,5
RISF,26_optdigits,numerical,0.7711,5
RISF,26_optdigits,numerical,0.673,5
RISF,26_optdigits,numerical,0.6348,5
RISF,26_optdigits,numerical,0.622,10
RISF,26_optdigits,numerical,0.5542,10
RISF,26_optdigits,numerical,0.509,10
RISF,26_optdigits,numerical,0.6492,10
RISF,26_optdigits,numerical,0.6732,10
RISF,26_optdigits,numerical,0.701,25
RISF,26_optdigits,numerical,0.7331,25
RISF,26_optdigits,numerical,0.6526,25
RISF,26_optdigits,numerical,0.7466,25
RISF,26_optdigits,numerical,0.6148,25
RISF,26_optdigits,numerical,0.6838,50
RISF,26_optdigits,numerical,0.7315,50
RISF,26_optdigits,numerical,0.6676,50
RISF,26_optdigits,numerical,0.8294,50
RISF,26_optdigits,numerical,0.6254,50
RISF,26_optdigits,numerical,0.8231,100
RISF,26_optdigits,numerical,0.7824,100
RISF,26_optdigits,numerical,0.7239,100
RISF,26_optdigits,numerical,0.8384,100
RISF,26_optdigits,numerical,0.7071,100
RISF,26_optdigits,numerical,0.7823,200
RISF,26_optdigits,numerical,0.7261,200
RISF,26_optdigits,numerical,0.6843,200
RISF,26_optdigits,numerical,0.8495,200
RISF,26_optdigits,numerical,0.6383,200
RISF,26_optdigits,numerical,0.7555,300
RISF,26_optdigits,numerical,0.7131,300
RISF,26_optdigits,numerical,0.7418,300
RISF,26_optdigits,numerical,0.8491,300
RISF,26_optdigits,numerical,0.6758,300
RISF,COX2,graph,0.4382,1
RISF,COX2,graph,0.3191,1
RISF,COX2,graph,0.2745,1
RISF,COX2,graph,0.7236,1
RISF,COX2,graph,0.5236,1
RISF,COX2,graph,0.5418,5
RISF,COX2,graph,0.3536,5
RISF,COX2,graph,0.5964,5
RISF,COX2,graph,0.58,5
RISF,COX2,graph,0.5082,5
RISF,COX2,graph,0.5473,10
RISF,COX2,graph,0.4345,10
RISF,COX2,graph,0.48,10
RISF,COX2,graph,0.5982,10
RISF,COX2,graph,0.3673,10
RISF,COX2,graph,0.5491,25
RISF,COX2,graph,0.3909,25
RISF,COX2,graph,0.5291,25
RISF,COX2,graph,0.5782,25
RISF,COX2,graph,0.4527,25
RISF,COX2,graph,0.6236,50
RISF,COX2,graph,0.4127,50
RISF,COX2,graph,0.5291,50
RISF,COX2,graph,0.6018,50
RISF,COX2,graph,0.48,50
RISF,COX2,graph,0.6291,100
RISF,COX2,graph,0.4636,100
RISF,COX2,graph,0.5836,100
RISF,COX2,graph,0.6327,100
RISF,COX2,graph,0.5782,100
RISF,COX2,graph,0.5745,200
RISF,COX2,graph,0.4291,200
RISF,COX2,graph,0.5273,200
RISF,COX2,graph,0.62,200
RISF,COX2,graph,0.5436,200
RISF,COX2,graph,0.5545,300
RISF,COX2,graph,0.4036,300
RISF,COX2,graph,0.5345,300
RISF,COX2,graph,0.6109,300
RISF,COX2,graph,0.5509,300
RISF,BZR,graph,0.5927,1
RISF,BZR,graph,0.7469,1
RISF,BZR,graph,0.7562,1
RISF,BZR,graph,0.7188,1
RISF,BZR,graph,0.4427,1
RISF,BZR,graph,0.5729,5
RISF,BZR,graph,0.8604,5
RISF,BZR,graph,0.6875,5
RISF,BZR,graph,0.8312,5
RISF,BZR,graph,0.7333,5
RISF,BZR,graph,0.6562,10
RISF,BZR,graph,0.8417,10
RISF,BZR,graph,0.7917,10
RISF,BZR,graph,0.6979,10
RISF,BZR,graph,0.8354,10
RISF,BZR,graph,0.6396,25
RISF,BZR,graph,0.8521,25
RISF,BZR,graph,0.8208,25
RISF,BZR,graph,0.8042,25
RISF,BZR,graph,0.8458,25
RISF,BZR,graph,0.6812,50
RISF,BZR,graph,0.825,50
RISF,BZR,graph,0.8208,50
RISF,BZR,graph,0.7833,50
RISF,BZR,graph,0.8604,50
RISF,BZR,graph,0.7458,100
RISF,BZR,graph,0.8167,100
RISF,BZR,graph,0.7958,100
RISF,BZR,graph,0.8479,100
RISF,BZR,graph,0.8792,100
RISF,BZR,graph,0.7708,200
RISF,BZR,graph,0.8,200
RISF,BZR,graph,0.775,200
RISF,BZR,graph,0.8938,200
RISF,BZR,graph,0.8354,200
RISF,BZR,graph,0.7562,300
RISF,BZR,graph,0.7313,300
RISF,BZR,graph,0.7833,300
RISF,BZR,graph,0.8938,300
RISF,BZR,graph,0.8354,300
RISF,DHFR,graph,0.48,1
RISF,DHFR,graph,0.3972,1
RISF,DHFR,graph,0.4337,1
RISF,DHFR,graph,0.389,1
RISF,DHFR,graph,0.3299,1
RISF,DHFR,graph,0.4949,5
RISF,DHFR,graph,0.4054,5
RISF,DHFR,graph,0.48,5
RISF,DHFR,graph,0.5206,5
RISF,DHFR,graph,0.1948,5
RISF,DHFR,graph,0.5349,10
RISF,DHFR,graph,0.3217,10
RISF,DHFR,graph,0.4424,10
RISF,DHFR,graph,0.5067,10
RISF,DHFR,graph,0.1465,10
RISF,DHFR,graph,0.5627,25
RISF,DHFR,graph,0.2729,25
RISF,DHFR,graph,0.3762,25
RISF,DHFR,graph,0.5375,25
RISF,DHFR,graph,0.1115,25
RISF,DHFR,graph,0.5473,50
RISF,DHFR,graph,0.2801,50
RISF,DHFR,graph,0.4018,50
RISF,DHFR,graph,0.5036,50
RISF,DHFR,graph,0.1331,50
RISF,DHFR,graph,0.5072,100
RISF,DHFR,graph,0.278,100
RISF,DHFR,graph,0.3823,100
RISF,DHFR,graph,0.5324,100
RISF,DHFR,graph,0.1547,100
RISF,DHFR,graph,0.5277,200
RISF,DHFR,graph,0.2513,200
RISF,DHFR,graph,0.3587,200
RISF,DHFR,graph,0.5211,200
RISF,DHFR,graph,0.1711,200
RISF,DHFR,graph,0.5041,300
RISF,DHFR,graph,0.2749,300
RISF,DHFR,graph,0.3566,300
RISF,DHFR,graph,0.5365,300
RISF,DHFR,graph,0.1721,300
RISF,ad_nominal,binary,0.5442,1
RISF,ad_nominal,binary,0.4746,1
RISF,ad_nominal,binary,0.5296,1
RISF,ad_nominal,binary,0.4739,1
RISF,ad_nominal,binary,0.6281,1
RISF,ad_nominal,binary,0.7702,5
RISF,ad_nominal,binary,0.581,5
RISF,ad_nominal,binary,0.5717,5
RISF,ad_nominal,binary,0.5448,5
RISF,ad_nominal,binary,0.5666,5
RISF,ad_nominal,binary,0.7244,10
RISF,ad_nominal,binary,0.603,10
RISF,ad_nominal,binary,0.6625,10
RISF,ad_nominal,binary,0.5329,10
RISF,ad_nominal,binary,0.6132,10
RISF,ad_nominal,binary,0.7637,25
RISF,ad_nominal,binary,0.6679,25
RISF,ad_nominal,binary,0.7136,25
RISF,ad_nominal,binary,0.652,25
RISF,ad_nominal,binary,0.649,25
RISF,ad_nominal,binary,0.7648,50
RISF,ad_nominal,binary,0.6898,50
RISF,ad_nominal,binary,0.7077,50
RISF,ad_nominal,binary,0.6656,50
RISF,ad_nominal,binary,0.6778,50
RISF,ad_nominal,binary,0.7599,100
RISF,ad_nominal,binary,0.6843,100
RISF,ad_nominal,binary,0.725,100
RISF,ad_nominal,binary,0.6511,100
RISF,ad_nominal,binary,0.6993,100
RISF,ad_nominal,binary,0.7364,200
RISF,ad_nominal,binary,0.6908,200
RISF,ad_nominal,binary,0.7392,200
RISF,ad_nominal,binary,0.6775,200
RISF,ad_nominal,binary,0.6977,200
RISF,ad_nominal,binary,0.7384,300
RISF,ad_nominal,binary,0.6954,300
RISF,ad_nominal,binary,0.7327,300
RISF,ad_nominal,binary,0.6778,300
RISF,ad_nominal,binary,0.712,300
RISF,TwoLeadECG,timeseries,0.7594,1
RISF,TwoLeadECG,timeseries,0.5578,1
RISF,TwoLeadECG,timeseries,0.62,1
RISF,TwoLeadECG,timeseries,0.7346,1
RISF,TwoLeadECG,timeseries,0.5171,1
RISF,TwoLeadECG,timeseries,0.7638,5
RISF,TwoLeadECG,timeseries,0.6032,5
RISF,TwoLeadECG,timeseries,0.5124,5
RISF,TwoLeadECG,timeseries,0.8489,5
RISF,TwoLeadECG,timeseries,0.661,5
RISF,TwoLeadECG,timeseries,0.9003,10
RISF,TwoLeadECG,timeseries,0.5549,10
RISF,TwoLeadECG,timeseries,0.4997,10
RISF,TwoLeadECG,timeseries,0.786,10
RISF,TwoLeadECG,timeseries,0.5962,10
RISF,TwoLeadECG,timeseries,0.8717,25
RISF,TwoLeadECG,timeseries,0.779,25
RISF,TwoLeadECG,timeseries,0.5879,25
RISF,TwoLeadECG,timeseries,0.8006,25
RISF,TwoLeadECG,timeseries,0.6533,25
RISF,TwoLeadECG,timeseries,0.8394,50
RISF,TwoLeadECG,timeseries,0.8051,50
RISF,TwoLeadECG,timeseries,0.6165,50
RISF,TwoLeadECG,timeseries,0.779,50
RISF,TwoLeadECG,timeseries,0.6502,50
RISF,TwoLeadECG,timeseries,0.8673,100
RISF,TwoLeadECG,timeseries,0.8121,100
RISF,TwoLeadECG,timeseries,0.6971,100
RISF,TwoLeadECG,timeseries,0.774,100
RISF,TwoLeadECG,timeseries,0.6565,100
RISF,TwoLeadECG,timeseries,0.8711,200
RISF,TwoLeadECG,timeseries,0.8241,200
RISF,TwoLeadECG,timeseries,0.7098,200
RISF,TwoLeadECG,timeseries,0.8044,200
RISF,TwoLeadECG,timeseries,0.6635,200
RISF,TwoLeadECG,timeseries,0.8679,300
RISF,TwoLeadECG,timeseries,0.8114,300
RISF,TwoLeadECG,timeseries,0.6978,300
RISF,TwoLeadECG,timeseries,0.8184,300
RISF,TwoLeadECG,timeseries,0.6838,300
RISF,agnews_1,nlp,0.5072,1
RISF,agnews_1,nlp,0.5079,1
RISF,agnews_1,nlp,0.4212,1
RISF,agnews_1,nlp,0.5623,1
RISF,agnews_1,nlp,0.4837,1
RISF,agnews_1,nlp,0.6501,5
RISF,agnews_1,nlp,0.5623,5
RISF,agnews_1,nlp,0.5248,5
RISF,agnews_1,nlp,0.6559,5
RISF,agnews_1,nlp,0.5722,5
RISF,agnews_1,nlp,0.6616,10
RISF,agnews_1,nlp,0.5825,10
RISF,agnews_1,nlp,0.6399,10
RISF,agnews_1,nlp,0.6307,10
RISF,agnews_1,nlp,0.5903,10
RISF,agnews_1,nlp,0.6722,25
RISF,agnews_1,nlp,0.6223,25
RISF,agnews_1,nlp,0.6812,25
RISF,agnews_1,nlp,0.7211,25
RISF,agnews_1,nlp,0.6541,25
RISF,agnews_1,nlp,0.6454,50
RISF,agnews_1,nlp,0.6769,50
RISF,agnews_1,nlp,0.6929,50
RISF,agnews_1,nlp,0.7222,50
RISF,agnews_1,nlp,0.6957,50
RISF,agnews_1,nlp,0.6845,100
RISF,agnews_1,nlp,0.7044,100
RISF,agnews_1,nlp,0.7254,100
RISF,agnews_1,nlp,0.7522,100
RISF,agnews_1,nlp,0.7319,100
RISF,agnews_1,nlp,0.6627,200
RISF,agnews_1,nlp,0.7099,200
RISF,agnews_1,nlp,0.7249,200
RISF,agnews_1,nlp,0.7829,200
RISF,agnews_1,nlp,0.7215,200
RISF,agnews_1,nlp,0.6791,300
RISF,agnews_1,nlp,0.7191,300
RISF,agnews_1,nlp,0.7378,300
RISF,agnews_1,nlp,0.79,300
RISF,agnews_1,nlp,0.7335,300
IForest,21_Lymphography,numerical,0.9651,1
IForest,21_Lymphography,numerical,0.9651,1
IForest,21_Lymphography,numerical,0.7151,1
IForest,21_Lymphography,numerical,0.8721,1
IForest,21_Lymphography,numerical,0.7965,1
IForest,21_Lymphography,numerical,1.0,5
IForest,21_Lymphography,numerical,1.0,5
IForest,21_Lymphography,numerical,0.9884,5
IForest,21_Lymphography,numerical,1.0,5
IForest,21_Lymphography,numerical,1.0,5
IForest,21_Lymphography,numerical,1.0,10
IForest,21_Lymphography,numerical,1.0,10
IForest,21_Lymphography,numerical,0.9884,10
IForest,21_Lymphography,numerical,0.9884,10
IForest,21_Lymphography,numerical,1.0,10
IForest,21_Lymphography,numerical,1.0,25
IForest,21_Lymphography,numerical,1.0,25
IForest,21_Lymphography,numerical,1.0,25
IForest,21_Lymphography,numerical,1.0,25
IForest,21_Lymphography,numerical,1.0,25
IForest,21_Lymphography,numerical,1.0,50
IForest,21_Lymphography,numerical,1.0,50
IForest,21_Lymphography,numerical,1.0,50
IForest,21_Lymphography,numerical,1.0,50
IForest,21_Lymphography,numerical,1.0,50
IForest,21_Lymphography,numerical,1.0,100
IForest,21_Lymphography,numerical,1.0,100
IForest,21_Lymphography,numerical,1.0,100
IForest,21_Lymphography,numerical,1.0,100
IForest,21_Lymphography,numerical,1.0,100
IForest,21_Lymphography,numerical,1.0,200
IForest,21_Lymphography,numerical,1.0,200
IForest,21_Lymphography,numerical,1.0,200
IForest,21_Lymphography,numerical,1.0,200
IForest,21_Lymphography,numerical,1.0,200
IForest,21_Lymphography,numerical,1.0,300
IForest,21_Lymphography,numerical,1.0,300
IForest,21_Lymphography,numerical,1.0,300
IForest,21_Lymphography,numerical,1.0,300
IForest,21_Lymphography,numerical,1.0,300
IForest,36_speech,numerical,0.508,1
IForest,36_speech,numerical,0.4015,1
IForest,36_speech,numerical,0.4089,1
IForest,36_speech,numerical,0.4964,1
IForest,36_speech,numerical,0.4668,1
IForest,36_speech,numerical,0.426,5
IForest,36_speech,numerical,0.4344,5
IForest,36_speech,numerical,0.332,5
IForest,36_speech,numerical,0.455,5
IForest,36_speech,numerical,0.4571,5
IForest,36_speech,numerical,0.5152,10
IForest,36_speech,numerical,0.4286,10
IForest,36_speech,numerical,0.2997,10
IForest,36_speech,numerical,0.4057,10
IForest,36_speech,numerical,0.3773,10
IForest,36_speech,numerical,0.4539,25
IForest,36_speech,numerical,0.4998,25
IForest,36_speech,numerical,0.2906,25
IForest,36_speech,numerical,0.4036,25
IForest,36_speech,numerical,0.3638,25
IForest,36_speech,numerical,0.4409,50
IForest,36_speech,numerical,0.4924,50
IForest,36_speech,numerical,0.318,50
IForest,36_speech,numerical,0.4032,50
IForest,36_speech,numerical,0.3432,50
IForest,36_speech,numerical,0.4105,100
IForest,36_speech,numerical,0.5297,100
IForest,36_speech,numerical,0.3789,100
IForest,36_speech,numerical,0.4401,100
IForest,36_speech,numerical,0.3307,100
IForest,36_speech,numerical,0.424,200
IForest,36_speech,numerical,0.5526,200
IForest,36_speech,numerical,0.3989,200
IForest,36_speech,numerical,0.4587,200
IForest,36_speech,numerical,0.3376,200
IForest,36_speech,numerical,0.4354,300
IForest,36_speech,numerical,0.546,300
IForest,36_speech,numerical,0.3988,300
IForest,36_speech,numerical,0.4558,300
IForest,36_speech,numerical,0.3543,300
IForest,6_cardio,numerical,0.7138,1
IForest,6_cardio,numerical,0.4574,1
IForest,6_cardio,numerical,0.5848,1
IForest,6_cardio,numerical,0.786,1
IForest,6_cardio,numerical,0.7596,1
IForest,6_cardio,numerical,0.92,5
IForest,6_cardio,numerical,0.7992,5
IForest,6_cardio,numerical,0.8289,5
IForest,6_cardio,numerical,0.856,5
IForest,6_cardio,numerical,0.8104,5
IForest,6_cardio,numerical,0.9096,10
IForest,6_cardio,numerical,0.8163,10
IForest,6_cardio,numerical,0.8253,10
IForest,6_cardio,numerical,0.8809,10
IForest,6_cardio,numerical,0.8158,10
IForest,6_cardio,numerical,0.9432,25
IForest,6_cardio,numerical,0.8996,25
IForest,6_cardio,numerical,0.8919,25
IForest,6_cardio,numerical,0.9269,25
IForest,6_cardio,numerical,0.906,25
IForest,6_cardio,numerical,0.9398,50
IForest,6_cardio,numerical,0.9097,50
IForest,6_cardio,numerical,0.8978,50
IForest,6_cardio,numerical,0.9262,50
IForest,6_cardio,numerical,0.9282,50
IForest,6_cardio,numerical,0.9495,100
IForest,6_cardio,numerical,0.9259,100
IForest,6_cardio,numerical,0.903,100
IForest,6_cardio,numerical,0.9279,100
IForest,6_cardio,numerical,0.9279,100
IForest,6_cardio,numerical,0.9525,200
IForest,6_cardio,numerical,0.9387,200
IForest,6_cardio,numerical,0.91,200
IForest,6_cardio,numerical,0.925,200
IForest,6_cardio,numerical,0.9393,200
IForest,6_cardio,numerical,0.9548,300
IForest,6_cardio,numerical,0.9366,300
IForest,6_cardio,numerical,0.9165,300
IForest,6_cardio,numerical,0.9341,300
IForest,6_cardio,numerical,0.9393,300
IForest,26_optdigits,numerical,0.3207,1
IForest,26_optdigits,numerical,0.4825,1
IForest,26_optdigits,numerical,0.44,1
IForest,26_optdigits,numerical,0.2549,1
IForest,26_optdigits,numerical,0.3112,1
IForest,26_optdigits,numerical,0.5862,5
IForest,26_optdigits,numerical,0.397,5
IForest,26_optdigits,numerical,0.6593,5
IForest,26_optdigits,numerical,0.6182,5
IForest,26_optdigits,numerical,0.3945,5
IForest,26_optdigits,numerical,0.5889,10
IForest,26_optdigits,numerical,0.5134,10
IForest,26_optdigits,numerical,0.6633,10
IForest,26_optdigits,numerical,0.7073,10
IForest,26_optdigits,numerical,0.5524,10
IForest,26_optdigits,numerical,0.7058,25
IForest,26_optdigits,numerical,0.6565,25
IForest,26_optdigits,numerical,0.7419,25
IForest,26_optdigits,numerical,0.7117,25
IForest,26_optdigits,numerical,0.7024,25
IForest,26_optdigits,numerical,0.6342,50
IForest,26_optdigits,numerical,0.6635,50
IForest,26_optdigits,numerical,0.7817,50
IForest,26_optdigits,numerical,0.7437,50
IForest,26_optdigits,numerical,0.7356,50
IForest,26_optdigits,numerical,0.6491,100
IForest,26_optdigits,numerical,0.6776,100
IForest,26_optdigits,numerical,0.7325,100
IForest,26_optdigits,numerical,0.7455,100
IForest,26_optdigits,numerical,0.7101,100
IForest,26_optdigits,numerical,0.6995,200
IForest,26_optdigits,numerical,0.665,200
IForest,26_optdigits,numerical,0.761,200
IForest,26_optdigits,numerical,0.7791,200
IForest,26_optdigits,numerical,0.7553,200
IForest,26_optdigits,numerical,0.7106,300
IForest,26_optdigits,numerical,0.7012,300
IForest,26_optdigits,numerical,0.7535,300
IForest,26_optdigits,numerical,0.776,300
IForest,26_optdigits,numerical,0.761,300
IForest,COX2,graph,0.5045,1
IForest,COX2,graph,0.4818,1
IForest,COX2,graph,0.7818,1
IForest,COX2,graph,0.5873,1
IForest,COX2,graph,0.7836,1
IForest,COX2,graph,0.7545,5
IForest,COX2,graph,0.5355,5
IForest,COX2,graph,0.7664,5
IForest,COX2,graph,0.5745,5
IForest,COX2,graph,0.6736,5
IForest,COX2,graph,0.7255,10
IForest,COX2,graph,0.5,10
IForest,COX2,graph,0.7373,10
IForest,COX2,graph,0.5682,10
IForest,COX2,graph,0.6845,10
IForest,COX2,graph,0.6455,25
IForest,COX2,graph,0.4882,25
IForest,COX2,graph,0.7245,25
IForest,COX2,graph,0.5391,25
IForest,COX2,graph,0.6491,25
IForest,COX2,graph,0.6673,50
IForest,COX2,graph,0.4791,50
IForest,COX2,graph,0.7009,50
IForest,COX2,graph,0.5355,50
IForest,COX2,graph,0.6473,50
IForest,COX2,graph,0.6436,100
IForest,COX2,graph,0.4773,100
IForest,COX2,graph,0.7173,100
IForest,COX2,graph,0.5264,100
IForest,COX2,graph,0.6655,100
IForest,COX2,graph,0.6564,200
IForest,COX2,graph,0.4973,200
IForest,COX2,graph,0.7464,200
IForest,COX2,graph,0.5682,200
IForest,COX2,graph,0.6618,200
IForest,COX2,graph,0.6782,300
IForest,COX2,graph,0.5045,300
IForest,COX2,graph,0.7391,300
IForest,COX2,graph,0.5791,300
IForest,COX2,graph,0.6618,300
IForest,BZR,graph,0.4573,1
IForest,BZR,graph,0.5573,1
IForest,BZR,graph,0.5562,1
IForest,BZR,graph,0.6,1
IForest,BZR,graph,0.3083,1
IForest,BZR,graph,0.6583,5
IForest,BZR,graph,0.6115,5
IForest,BZR,graph,0.3979,5
IForest,BZR,graph,0.6646,5
IForest,BZR,graph,0.4375,5
IForest,BZR,graph,0.5917,10
IForest,BZR,graph,0.5229,10
IForest,BZR,graph,0.3708,10
IForest,BZR,graph,0.4604,10
IForest,BZR,graph,0.3469,10
IForest,BZR,graph,0.6312,25
IForest,BZR,graph,0.5521,25
IForest,BZR,graph,0.3875,25
IForest,BZR,graph,0.5979,25
IForest,BZR,graph,0.3594,25
IForest,BZR,graph,0.6167,50
IForest,BZR,graph,0.6042,50
IForest,BZR,graph,0.4562,50
IForest,BZR,graph,0.6396,50
IForest,BZR,graph,0.4031,50
IForest,BZR,graph,0.6167,100
IForest,BZR,graph,0.6188,100
IForest,BZR,graph,0.4875,100
IForest,BZR,graph,0.625,100
IForest,BZR,graph,0.4198,100
IForest,BZR,graph,0.6458,200
IForest,BZR,graph,0.6167,200
IForest,BZR,graph,0.5375,200
IForest,BZR,graph,0.6375,200
IForest,BZR,graph,0.451,200
IForest,BZR,graph,0.6396,300
IForest,BZR,graph,0.6042,300
IForest,BZR,graph,0.5417,300
IForest,BZR,graph,0.6375,300
IForest,BZR,graph,0.4552,300
IForest,DHFR,graph,0.3818,1
IForest,DHFR,graph,0.4275,1
IForest,DHFR,graph,0.4964,1
IForest,DHFR,graph,0.4846,1
IForest,DHFR,graph,0.4224,1
IForest,DHFR,graph,0.4589,5
IForest,DHFR,graph,0.444,5
IForest,DHFR,graph,0.5519,5
IForest,DHFR,graph,0.3828,5
IForest,DHFR,graph,0.4101,5
IForest,DHFR,graph,0.4522,10
IForest,DHFR,graph,0.5036,10
IForest,DHFR,graph,0.5714,10
IForest,DHFR,graph,0.4327,10
IForest,DHFR,graph,0.4044,10
IForest,DHFR,graph,0.4142,25
IForest,DHFR,graph,0.5714,25
IForest,DHFR,graph,0.4748,25
IForest,DHFR,graph,0.4121,25
IForest,DHFR,graph,0.3428,25
IForest,DHFR,graph,0.444,50
IForest,DHFR,graph,0.5817,50
IForest,DHFR,graph,0.4748,50
IForest,DHFR,graph,0.4049,50
IForest,DHFR,graph,0.3679,50
IForest,DHFR,graph,0.4573,100
IForest,DHFR,graph,0.5529,100
IForest,DHFR,graph,0.4656,100
IForest,DHFR,graph,0.4193,100
IForest,DHFR,graph,0.3607,100
IForest,DHFR,graph,0.4388,200
IForest,DHFR,graph,0.5478,200
IForest,DHFR,graph,0.4687,200
IForest,DHFR,graph,0.4388,200
IForest,DHFR,graph,0.3566,200
IForest,DHFR,graph,0.4399,300
IForest,DHFR,graph,0.5406,300
IForest,DHFR,graph,0.4604,300
IForest,DHFR,graph,0.4409,300
IForest,DHFR,graph,0.3566,300
IForest,ad_nominal,binary,0.6419,1
IForest,ad_nominal,binary,0.5966,1
IForest,ad_nominal,binary,0.4798,1
IForest,ad_nominal,binary,0.6119,1
IForest,ad_nominal,binary,0.4899,1
IForest,ad_nominal,binary,0.7241,5
IForest,ad_nominal,binary,0.606,5
IForest,ad_nominal,binary,0.5658,5
IForest,ad_nominal,binary,0.681,5
IForest,ad_nominal,binary,0.6288,5
IForest,ad_nominal,binary,0.7203,10
IForest,ad_nominal,binary,0.5698,10
IForest,ad_nominal,binary,0.5925,10
IForest,ad_nominal,binary,0.6846,10
IForest,ad_nominal,binary,0.6559,10
IForest,ad_nominal,binary,0.6951,25
IForest,ad_nominal,binary,0.6397,25
IForest,ad_nominal,binary,0.7123,25
IForest,ad_nominal,binary,0.7114,25
IForest,ad_nominal,binary,0.6257,25
IForest,ad_nominal,binary,0.663,50
IForest,ad_nominal,binary,0.6868,50
IForest,ad_nominal,binary,0.7527,50
IForest,ad_nominal,binary,0.699,50
IForest,ad_nominal,binary,0.6826,50
IForest,ad_nominal,binary,0.703,100
IForest,ad_nominal,binary,0.6838,100
IForest,ad_nominal,binary,0.7449,100
IForest,ad_nominal,binary,0.7146,100
IForest,ad_nominal,binary,0.7082,100
IForest,ad_nominal,binary,0.6971,200
IForest,ad_nominal,binary,0.6849,200
IForest,ad_nominal,binary,0.7332,200
IForest,ad_nominal,binary,0.7043,200
IForest,ad_nominal,binary,0.7095,200
IForest,ad_nominal,binary,0.7017,300
IForest,ad_nominal,binary,0.6948,300
IForest,ad_nominal,binary,0.7466,300
IForest,ad_nominal,binary,0.7019,300
IForest,ad_nominal,binary,0.7145,300
IForest,TwoLeadECG,timeseries,0.8232,1
IForest,TwoLeadECG,timeseries,0.8578,1
IForest,TwoLeadECG,timeseries,0.6644,1
IForest,TwoLeadECG,timeseries,0.7765,1
IForest,TwoLeadECG,timeseries,0.6178,1
IForest,TwoLeadECG,timeseries,0.9016,5
IForest,TwoLeadECG,timeseries,0.8857,5
IForest,TwoLeadECG,timeseries,0.7987,5
IForest,TwoLeadECG,timeseries,0.8879,5
IForest,TwoLeadECG,timeseries,0.7016,5
IForest,TwoLeadECG,timeseries,0.9251,10
IForest,TwoLeadECG,timeseries,0.9448,10
IForest,TwoLeadECG,timeseries,0.7803,10
IForest,TwoLeadECG,timeseries,0.8997,10
IForest,TwoLeadECG,timeseries,0.7759,10
IForest,TwoLeadECG,timeseries,0.9079,25
IForest,TwoLeadECG,timeseries,0.8902,25
IForest,TwoLeadECG,timeseries,0.7829,25
IForest,TwoLeadECG,timeseries,0.9244,25
IForest,TwoLeadECG,timeseries,0.7644,25
IForest,TwoLeadECG,timeseries,0.8756,50
IForest,TwoLeadECG,timeseries,0.8813,50
IForest,TwoLeadECG,timeseries,0.793,50
IForest,TwoLeadECG,timeseries,0.9232,50
IForest,TwoLeadECG,timeseries,0.7486,50
IForest,TwoLeadECG,timeseries,0.8743,100
IForest,TwoLeadECG,timeseries,0.873,100
IForest,TwoLeadECG,timeseries,0.8337,100
IForest,TwoLeadECG,timeseries,0.9067,100
IForest,TwoLeadECG,timeseries,0.7473,100
IForest,TwoLeadECG,timeseries,0.8832,200
IForest,TwoLeadECG,timeseries,0.899,200
IForest,TwoLeadECG,timeseries,0.8159,200
IForest,TwoLeadECG,timeseries,0.8927,200
IForest,TwoLeadECG,timeseries,0.7587,200
IForest,TwoLeadECG,timeseries,0.8794,300
IForest,TwoLeadECG,timeseries,0.8959,300
IForest,TwoLeadECG,timeseries,0.8178,300
IForest,TwoLeadECG,timeseries,0.9003,300
IForest,TwoLeadECG,timeseries,0.7714,300
IForest,agnews_1,nlp,0.479,1
IForest,agnews_1,nlp,0.4852,1
IForest,agnews_1,nlp,0.4574,1
IForest,agnews_1,nlp,0.499,1
IForest,agnews_1,nlp,0.4947,1
IForest,agnews_1,nlp,0.5708,5
IForest,agnews_1,nlp,0.6537,5
IForest,agnews_1,nlp,0.5505,5
IForest,agnews_1,nlp,0.6707,5
IForest,agnews_1,nlp,0.5867,5
IForest,agnews_1,nlp,0.6721,10
IForest,agnews_1,nlp,0.6682,10
IForest,agnews_1,nlp,0.6141,10
IForest,agnews_1,nlp,0.7044,10
IForest,agnews_1,nlp,0.6719,10
IForest,agnews_1,nlp,0.6861,25
IForest,agnews_1,nlp,0.6654,25
IForest,agnews_1,nlp,0.6858,25
IForest,agnews_1,nlp,0.7034,25
IForest,agnews_1,nlp,0.6876,25
IForest,agnews_1,nlp,0.6547,50
IForest,agnews_1,nlp,0.7262,50
IForest,agnews_1,nlp,0.6931,50
IForest,agnews_1,nlp,0.7214,50
IForest,agnews_1,nlp,0.7363,50
IForest,agnews_1,nlp,0.6624,100
IForest,agnews_1,nlp,0.718,100
IForest,agnews_1,nlp,0.6999,100
IForest,agnews_1,nlp,0.7148,100
IForest,agnews_1,nlp,0.7545,100
IForest,agnews_1,nlp,0.6741,200
IForest,agnews_1,nlp,0.7499,200
IForest,agnews_1,nlp,0.7176,200
IForest,agnews_1,nlp,0.7372,200
IForest,agnews_1,nlp,0.7708,200
IForest,agnews_1,nlp,0.689,300
IForest,agnews_1,nlp,0.7595,300
IForest,agnews_1,nlp,0.7248,300
IForest,agnews_1,nlp,0.7492,300
IForest,agnews_1,nlp,0.7741,300
